modlitwawdrodze.pl,1
youtu.be,789
www.facebook.com,85
itunes.apple.com,141
paper.li,132
www.ardmediathek.de,5
www.90min.com,453
alwatan.kuwait.tt,11
www.youtube.com,1685
ara.cat,1
cultura.elpais.com,2
www.change.org,29
www.vox.com,22
erosnow.com,13
www.huffingtonpost.com,32
nymag.com,16
saigai.saisei119.jp,6
headlines.yahoo.co.jp,42
www.prizeo.com,269
radiko.jp,2
cargobayy.net,67
www2.tsn.ca,25
m.youtube.com,387
www.digitalconcerthall.com,1
www.washingtonpost.com,22
9gag.com,14
bfr.com.br,93
www.theglobeandmail.com,1
youtube.com,3
www.britishmuseum.org,2
www.buzzfeed.com,21
www.videoblocks.com,10
www.forbes.com.mx,1
www.strava.com,50
www.theverge.com,7
www.tvshowtime.com,29
itun.es,30
play.google.com,272
www.slate.com,37
www.insomniac.com,5
www.craveonline.com,1
attitude.co.uk,1
www.businessinsider.com,1
holybulliesandheadlessmonsters.blogspot.com,7
www.northjersey.com,7
soundcloud.com,25
cavb.blogspot.pe,17
cincodias.com,3
www.izquierdadiario.es,3
www.starseoultv.com,1
m.facebook.com,37
www.ksl.com,3
hyperurl.co,72
www.hreonline.com,1
www.ashbaclothing.com,2
www.jeuneafrique.com,2
www.nytimes.com,10
allafrica.com,5
facebook.com,33
www.mundodeportivo.com,2
fcvoley.org.ar,1
www.locatehomes.ca,10
www.petharbor.com,3
translate.googleusercontent.com,1
www.piratenfraktion-sh.de,2
ask.fm,5
www.worldstarhiphop.com,5
socialbirds.net,112
mainichi.jp,1
www.theguardian.com,23
www.google.com,4
sports.yahoo.com,80
ittinews.net,19
www.ownlifeclasses.com,180
pinoko.eplus.jp,6
www.weibo.com,7
www.abc.net.au,12
www.swarmapp.com,2
www.pixels-evasion.com,1
mmajunkie.com,5
www.kissonline.com,3
www.redbubble.com,3
www.go90.com,56
ntv.co.ug,7
ali.pub,1
bit.ly,5
www.tommygirlxxx.com,2
program.sbs.co.kr,1
lubrio.blogspot.com,1
www.loyalbydesign.com,99
www.aixia.jp,5
www.ted.com,2
goo.gl,35
www.pixiv.net,47
abema.tv,18
docs.google.com,12
slc.totalhire.com,1
roma.repubblica.it,11
tweetedtimes.com,6
reggaetonsinlimite.com,2
www.gucci.com,1
help.twitter.com,12
pump.atwebpages.com,1
twitch.tv,1
www.liveme.com,4
rover.ebay.com,1
morelos.gob.mx,4
www.realpolitik.com.ar,1
www.rainforest-rescue.org,2
www.reuters.com,2
mobile.nytimes.com,1
shemalepix.us,6
ebonychicks.us,9
www.avenue94.com,2
www.neogaf.com,6
m.sfgate.com,14
uomustansiriyah.edu.iq,1
www.amazon.com,4
bigfile.mail.naver.com,25
www.thetimes.co.uk,9
en.cijnews.com,10
www.starmometer.com,2
furlobros.com,1
www.danstevensbiz.com,1
www.haberdar.com,1
www.jleague.jp,5
www.nikkansports.com,7
www.melonbooks.co.jp,2
www.infolibre.es,2
joongdo.kr,1
www.animatetimes.com,1
hadidnews.sosugary.org,1
navbharattimes.indiatimes.com,27
www.adoremobilya.com,2
www.b.dk,15
www.business.dk,1
curtis.library.northwestern.edu,1
www.athenaeum.nl,1
ro69.jp,5
www.twonorthdepot.com,1
m.elfrente.com.co,8
www.xing.com,3
sevilla.abc.es,2
politica.elpais.com,1
www.abc.es,3
www.elindependiente.com,5
www.cbc.ca,1
zasshi.news.yahoo.co.jp,23
www.sangsangmadang.com,42
www.cine21.com,11
movie.naver.com,10
www.ebay.com,1
dd.hokkaido-np.co.jp,26
www.bbc.com,8
www.romancedevoured.com,2
nico.ms,5
taif360.com,12
www.bloomberg.com,1
www.radioformula.com.mx,48
www.pachinkovillage.com,2
gostory.info,8
news.sbs.co.kr,17
www.dropbox.com,8
g2k7factory.blogspot.com,9
www.tweet.so,12
ichifure.jp,82
line.me,9
i.wik.im,1
www.kamusen.org.tr,82
kamusen.org.tr,1
turkegitimsen.org.tr,8
www.turkegitimsen.org.tr,23
inforio.com.mx,4
enter.brazzers.com,6
www.yahoo.com,5
www.shestokas.com,2
gofund.me,3
drive.google.com,1
www.fenerbahce.org,1
www.defencenews.in,2
news.mt.co.kr,17
losirreverentes.com,1
avex.jp,2
kaosgl.org,1
conservativetribune.com,1
www.italiaoggi.it,12
commun.it,2
www.telegraph.co.uk,7
www.ganggreennation.com,6
tekitoo.com,26
www.instagram.com,3
mspoweruser.com,1
www.playbuzz.com,1
www.texastribune.org,1
brunch.co.kr,1
www.gd.se,2
rachaelswindon.blogspot.com,9
twimaker.com,3
digital-soccer.net,4
www.soychile.cl,14
news.line.me,2
search.rakuten.co.jp,2
edepart.omni7.jp,1
www.sogo-seibu.jp,2
eigajoho.com,1
holykaw.alltop.com,1
garumeta.com,12
marcha.com.mx,2
attimes.mx,3
pfapps.narucole.jp,1
www.oneindia.com,1
internacional.elpais.com,6
asia-tv.in,3
www.streamate.com,1
www.bnfchat.com,2
camsdistrict.com,8
cams.com,4
dailycosplay.com,1
enty.jp,23
www.mincomi.jp,1
ameblo.jp,9
