www.fenerbahce.org,195
www.passo.com.tr,82
youtu.be,283
myul111l.blogspot.com,15
www.facebook.com,23
www.alestrahat.com,61
jakarta.bisnis.com,9
kabar24.bisnis.com,22
lifestyle.bisnis.com,4
market.bisnis.com,13
industri.bisnis.com,18
finansial.bisnis.com,4
bola.bisnis.com,4
foto.bisnis.com,1
koran.bisnis.com,7
traveling.bisnis.com,2
info.bisnis.com,1
www.inkitt.com,1
spa.gov.sa,276
www.ahmnews.com,625
www.spa.gov.sa,242
www.saudialyoum.com,152
www.youtube.com,433
www.buzzfeed.com,5
sg.news.yahoo.com,1
www.jdubuzz.com,2
www.huffingtonpost.com,19
magis.to,1
goo.gl,22
hyperurl.co,33
cnn.it,3
bbc.in,15
www.pixiv.net,29
select-type.com,1
www.tvshowtime.com,27
itun.es,34
klout.com,9
www.amazon.com,33
hwswworld.com,570
us11.campaign-archive1.com,4
paper.li,34
alicediamondsandpebbles.blogspot.com,40
www.ebay.com,24
www.google.com,5
www.glamour.com,3
hwaiting.jp,3
www.theverge.com,27
www.sakshi.com,7
www.brandonsun.com,3
audioboom.com,11
www.washingtontimes.com,10
blog.marketo.com,2
growthhackers.com,27
laurasvas.com,1
leadseed.coservit.com,1
www.searchenginejournal.com,1
marketinginsidergroup.com,1
blog.thesocialms.com,2
gettopical.com,5
www.articulatemarketing.com,1
www.business.com,1
curationsuite.com,1
blog.hubspot.com,1
sendible.com,1
www.jeffbullas.com,1
siecledigital.fr,1
www.activevoice.us,1
www.thesocialmediahat.com,1
www.curata.com,1
coschedule.com,1
www.maximizer.com,1
www.falledu.com,2
theblogbox.me,1
feedproxy.google.com,1
bppro.link,1
missofcircle.com,1
www.lindaikejisblog.com,4
thistotalfootball.blogspot.com,1
youtube.com,10
afremov.com,3
www.change.org,50
www.helpinglostpets.com,1
www.yahoo.com,4
www.thailandpost.com,10
m.timesofindia.com,4
heavy.com,1
www.politico.com,1
www.nytimes.com,1
conservativetribune.com,1
www.detroitlions.com,1
cgi.ebay.com,1
itunes.apple.com,1
blog.naver.com,1
webcache.googleusercontent.com,5
www.sfchronicle.com,1
bit.ly,155
m.facebook.com,10
winnview.com,12
www.blogtowinn.com,2
www.branding.blogtowinn.net,2
www.winncomm.net,1
m.entertain.naver.com,1
entertain.naver.com,1
www.pawboost.com,92
ask.fm,32
www.eventbrite.com,2
www.myphilwong.com,3
res.heraldm.com,3
www.newsen.com,12
exo-l.smtown.com,5
store.line.me,4
sciencecases.lib.buffalo.edu,1
www.naijastuffs.com,10
beta.theglobeandmail.com,11
www.defencenews.in,5
pyze.com,1
unity.pyze.com,2
ios.pyze.com,1
9gag.com,1
lifeshard-winehelps.blogspot.com,2
www.fpds.gov,2
giveaway.amazon.com,2
www.britainfirst.org,1
govtslaves.info,1
www.beccahamiltonbooks.com,1
www.romancedevoured.com,4
www.reignofreads.com,3
www.barbarafreethy.com,1
www.ilovevampirenovels.com,2
www.makkahnews.net,9
www.alwatan.com.sa,6
aawsat.com,1
www.etsy.com,1
dhunt.in,24
www.tranny.hotslut.info,8
www.sissy.drippingslut.xyz,14
www.trans.drippingslut.xyz,11
www.shemale.hornycams.info,2
www.gaydate.drippingslut.xyz,1
www.soccer-king.jp,1
tvcast.naver.com,8
m.youtube.com,7
blog.pos.co.ke,67
financialsbeat.com,17
www.linkedin.com,1
www.vogue.com,11
krowdfund.com,1
www.telegraph.co.uk,1
techblog.commercetools.com,1
io.i4i.me,1
www.zdnet.com,1
ca.news.yahoo.com,3
jail.simple.next,55
beartistbeart.com,11
www.pscp.tv,13
soundcloud.com,16
play.google.com,2
www.trigent.com,1
www.milweb.net,2
www.theguardian.com,1
www.vox.com,8
www.scientificamerican.com,1
www.thebiafratimes.co,3
www.doglost.co.uk,3
applenws.com,1
tweetedtimes.com,1
reviews.edamame.club,1
www.rightrelevance.com,4
forums.soshifanclub.com,9
www.congreso.es,51
atarseloscordones.podemos.info,34
www.bharian.com.my,2
liferdefempire.com,55
www.gadgetsnow.com,25
