Djneoreggaeton.out, 1, 0.0, 0.0
EndiasFinest.out, 1, 0.0, 0.0
ftwdonghyun.out, 1, 0.0, 0.0
illionairex.out, 1, 0.0, 0.0
justdolanit.out, 1, 0.0, 0.0
coupdebliss.out, 1, 0.0, 0.0
jaeyangi.out, 1, 0.0, 0.0
d362x_.out, 1, 0.0, 0.0
realstrictwomen.out, 1, 0.0, 0.0
princesswasabii.out, 1, 0.0, 0.0
noodox.out, 1, 0.0, 0.0
angeeelove.out, 1, 0.0, 0.0
gugudantxts.out, 1, 0.0, 0.0
spacejpg.out, 1, 0.0, 0.0
tanveer4u72.out, 2, 0.5, 0.6
hellnoufyh.out, 1, 0.0, 0.0
jagan0015.out, 1, 0.0, 0.0
DreDys_.out, 1, 0.0, 0.0
__Mio_HND.out, 1, 0.0, 0.0
CamRebecca_.out, 1, 0.0, 0.0
nubeshu.out, 1, 0.0, 0.0
qveenallex.out, 1, 0.0, 0.0
dhfull50.out, 4, -0.25, 0.25
loqupqfflbpxaj1.out, 1, 0.0, 0.0
immabecrazy.out, 1, 0.0, 0.0
BasedMAGA.out, 2, 0.0, 0.0
Crazyy_Dayy.out, 1, 0.0, 0.0
ChinkyEyeKey.out, 1, 0.0, 0.0
alyaly89770924.out, 1, 0.0, 0.0
__iiiAx7.out, 1, 0.0, 0.0
warriorfema6.out, 2, 0.0, 0.5
usdcwatchdog.out, 2, 0.0, 0.0
skinnygallny.out, 1, 0.0, 0.0
faaithhyy.out, 1, 0.0, 0.0
repunxel.out, 1, 0.0, 0.0
ChoiceDirection.out, 1, 0.0, 0.0
NFL.out, 1, 0.0, 0.0
CallHerJade.out, 1, 0.0, 0.0
awtaeil.out, 1, 0.0, 0.0
BanzettTammie.out, 1, 0.0, 0.0
B_Whitewind.out, 1, 0.0, 0.0
greenhousebutc2.out, 1, 0.0, 0.0
ErectEldin_.out, 1, 0.0, 0.0
frak.out, 1, 0.0, 0.0
HyrulianAussie.out, 1, 0.0, 0.0
wasd12456787.out, 1, 0.0, 0.0
FarahHe5607535.out, 1, 0.0, 0.0
Fletchtopher.out, 1, 0.0, 0.0
san3rt.out, 1, 0.0, 0.0
nooonieeee.out, 1, 0.0, 0.0
loondam.out, 2, 0.3, 0.7
wfjackson3.out, 1, 0.0, 0.0
Domer94.out, 1, 0.0, 0.0
GinnyAllaby.out, 1, 0.0, 0.0
fandomlyfe.out, 1, 0.0, 0.0
tcynqtrgtuuamz2.out, 1, 0.0, 0.0
lbIHMLhf7kXGlGH.out, 1, 0.0, 0.0
tiana_bryant24.out, 1, 0.0, 0.0
FrancieSaidSo.out, 2, 0.333333333333, 0.3
sizzlepeg1.out, 1, 0.0, 0.0
breakingnews_no.out, 1, 0.0, 0.0
irwingirl17.out, 1, 0.0, 0.0
wizardbri.out, 1, 0.0, 0.0
uchida_kawasaki.out, 1, 0.0, 0.0
jermonika_jones.out, 1, 0.0, 0.0
sleepysaracha.out, 1, 0.0, 0.0
fataljauregui.out, 1, 0.0, 0.0
HambySr.out, 5, 0.05, 0.66
ChatDolphins.out, 1, 0.0, 0.0
toniquiaa.out, 1, 0.0, 0.0
pinkgyeom.out, 1, 0.0, 0.0
xxingbaobei.out, 1, 0.0, 0.0
jamiechance05.out, 1, 0.0, 0.0
ChrisDonohue12.out, 1, 0.0, 0.0
ClevaBoIrack.out, 1, 0.0, 0.0
jxnesmery.out, 1, 0.0, 0.0
reem_adiil.out, 1, 0.0, 0.0
papers_com_pk.out, 1, 0.0, 0.0
Infogix.out, 1, 0.0, 0.0
GauravGupta1110.out, 1, 0.0, 0.0
softwarnet.out, 2, 0.0333333333333, 0.0666666666667
drugsgunshentai.out, 1, 0.0, 0.0
uve324r.out, 1, 0.0, 0.0
nyvic26.out, 1, 0.0, 0.0
fatgod30.out, 1, 0.0, 0.0
AmberOdycy.out, 1, 0.0, 0.0
Heitormartinso.out, 1, 0.0, 0.0
vamphyun.out, 1, 0.0, 0.0
lisasmith241.out, 1, 0.0, 0.0
gsdogrecovery.out, 1, 0.0, 0.0
kony_n9.out, 1, 0.0, 0.0
gaildoreenreece.out, 1, 0.0, 0.0
Bolaa_ID.out, 1, 0.0, 0.0
_flanders.out, 1, 0.0, 0.0
BrandeisxDavina.out, 1, 0.0, 0.0
Coach_Holloway.out, 1, 0.0, 0.0
BembengVifters.out, 1, 0.0, 0.0
towittertoo.out, 2, -0.3125, 0.6875
raquelaberakiki.out, 1, 0.0, 0.0
fatinxo_.out, 1, 0.0, 0.0
focatemimdamo.out, 1, 0.0, 0.0
Bourbon_BO.out, 1, 0.0, 0.0
Aeroics_.out, 1, 0.0, 0.0
__Miho_KHNT.out, 1, 0.0, 0.0
esmerugh.out, 1, 0.0, 0.0
shobithkc1.out, 1, 0.0, 0.0
chloegelll.out, 1, 0.0, 0.0
AskLizethCastro.out, 1, 0.0, 0.0
IKNM__.out, 1, 0.0, 0.0
wearenowinu.out, 1, 0.0, 0.0
Crybaby__xoxo.out, 1, 0.0, 0.0
damnitswan.out, 1, 0.0, 0.0
sogard67.out, 1, 0.0, 0.0
jaeseookka.out, 1, 0.0, 0.0
lylotulus85.out, 1, 0.0, 0.0
kittensyub.out, 1, 0.0, 0.0
alminas49.out, 1, 0.0, 0.0
DanaHickle.out, 1, 0.0, 0.0
mozartiiiiiii.out, 1, 0.0, 0.0
gospelsoundir.out, 1, 0.0, 0.0
kumarmangla.out, 1, 0.0, 0.0
lsrlinda.out, 1, 0.0, 0.0
ChelJly.out, 1, 0.0, 0.0
eldwansy37.out, 1, 0.0, 0.0
peggyd6710.out, 4, -0.185, 0.245
ChattanoogaRR.out, 1, 0.0, 0.0
tsukemono_desu.out, 1, 0.0, 0.0
corderomason.out, 1, 0.0, 0.0
noritahsalleh.out, 1, 0.0, 0.0
immaryllearcala.out, 1, 0.0, 0.0
Daevaluque.out, 1, 0.0, 0.0
newhumanliving.out, 1, 0.0, 0.0
ChelSLAAAAY.out, 1, 0.0, 0.0
0LoyLakes.out, 1, 0.0, 0.0
richardcoopern1.out, 1, 0.0, 0.0
pineywoozle.out, 1, 0.0, 0.0
Heriotoro.out, 1, 0.0, 0.0
ikerepublican.out, 1, 0.0, 0.0
yu_ki_48.out, 1, 0.0, 0.0
weksxel.out, 1, 0.0, 0.0
daz_inc_.out, 1, 0.0, 0.0
jenni_b.out, 1, 0.0, 0.0
quantalooped.out, 2, 0.0, 0.0
itchaxchaeyeon.out, 1, 0.0, 0.0
angeeeeemayuyu.out, 1, 0.0, 0.0
kierz1up.out, 1, 0.0, 0.0
geIImore.out, 1, 0.0, 0.0
yamamimo.out, 1, 0.0, 0.0
cac_ac22.out, 5, -0.0375, 0.325
clc408.out, 1, 0.0, 0.0
kathyl1973.out, 1, 0.0, 0.0
sportglide1.out, 3, 0.416666666667, 0.416666666667
pramkum1995.out, 1, 0.0, 0.0
aylinolmez_.out, 1, 0.0, 0.0
vistarites.out, 1, 0.0, 0.0
Clearlensphoto.out, 1, 0.0, 0.0
AlanJones_dv.out, 1, 0.0, 0.0
Conwy_Daily.out, 1, 0.0, 0.0
locketkiss.out, 1, 0.0, 0.0
lanatendo.out, 1, 0.0, 0.0
AyeMr_Foreman.out, 1, 0.0, 0.0
nasha_phs.out, 1, 0.0, 0.0
kathfondano.out, 1, 0.0, 0.0
KHVJVeriyan.out, 2, 0.0, 0.0
HRJobCentre.out, 1, 0.0, 0.0
twissytrashcan.out, 2, -0.2, 0.8
BlackHistoryDMV.out, 1, 0.0, 0.0
sneersternway1.out, 1, 0.0, 0.0
GillStella.out, 1, 0.0, 0.0
pariskashmeir.out, 1, 0.0, 0.0
25Aaaaa56.out, 1, 0.0, 0.0
trafficjamnet.out, 1, 0.0, 0.0
nancysalah55.out, 1, 0.0, 0.0
DaviesKiprono.out, 1, 0.0, 0.0
HAh962.out, 1, 0.0, 0.0
AW___5_.out, 1, 0.0, 0.0
batflecktrash.out, 1, 0.0, 0.0
Hanan_Al3omer.out, 1, 0.0, 0.0
vaishali_45.out, 1, 0.0, 0.0
corsev2015.out, 1, 0.0, 0.0
AltcoinLiveBot.out, 1, 0.0, 0.0
jvvish.out, 1, 0.0, 0.0
ABDULLAH_ALADBI.out, 1, 0.0, 0.0
shirleyyoung2.out, 1, 0.0, 0.0
goldenuzis.out, 1, 0.0, 0.0
Blazefmradio.out, 1, 0.0, 0.0
CompassJobBoard.out, 1, 0.0, 0.0
ALSHOOG_ku.out, 1, 0.0, 0.0
Botgle.out, 1, 0.0, 0.0
jlizza1.out, 1, 0.0, 0.0
hbbtruth.out, 1, 0.0, 0.0
miniRito__.out, 1, 0.0, 0.0
pptsearch365.out, 1, 0.0, 0.0
c_sex_finder.out, 1, 0.0, 0.0
floraljj.out, 1, 0.0, 0.0
diogofromhell.out, 1, 0.0, 0.0
xhallucinating.out, 1, 0.0, 0.0
AJVash.out, 1, 0.0, 0.0
213330.out, 1, 0.0, 0.0
Bwa_reezy.out, 1, 0.0, 0.0
steaImyshawn.out, 1, 0.0, 0.0
billballentine.out, 1, 0.0, 0.0
burntoastswift.out, 1, 0.0, 0.0
patungpepatung.out, 1, 0.0, 0.0
jayyybandzz.out, 1, 0.0, 0.0
toratalmut.out, 1, 0.0, 0.0
exotjctrxye.out, 1, 0.0, 0.0
orange39660092.out, 1, 0.0, 0.0
blackmxgnus.out, 1, 0.0, 0.0
naterios23.out, 1, 0.0, 0.0
iamcucked.out, 1, 0.0, 0.0
hazuki_bts_v.out, 1, 0.0, 0.0
sopersayian.out, 1, 0.0, 0.0
superShellyP.out, 1, 0.0, 0.0
coolfatman.out, 1, 0.0, 0.0
H95_HM.out, 1, 0.0, 0.0
leighstouchh.out, 1, 0.0, 0.0
nigglysaurus.out, 1, 0.0, 0.0
eltheus.out, 1, 0.0, 0.0
racky_rivera.out, 1, 0.0, 0.0
Bayern_mania.out, 1, 0.0, 0.0
ErinDierich.out, 1, 0.0, 0.0
nep_neps.out, 1, 0.0, 0.0
Ekene___.out, 1, 0.0, 0.0
sk_sivaprasath.out, 1, 0.0, 0.0
harryqnz.out, 1, 0.0, 0.0
___xxty.out, 1, 0.0, 0.0
HighEntia.out, 1, 0.0, 0.0
GetGEWD.out, 1, 0.0, 0.0
abo_reenad.out, 1, 0.0, 0.0
montenegro_emil.out, 1, 0.0, 0.0
tamaraharb2.out, 1, 0.0, 0.0
itsmedaniellee1.out, 1, 0.0, 0.0
smiling_suresh.out, 1, 0.0, 0.0
kimrahmahwang.out, 1, 0.0, 0.0
FleegleJason.out, 1, 0.0, 0.0
rottenluck101.out, 1, 0.0, 0.0
ellaravh.out, 1, 0.0, 0.0
lillyabbi.out, 2, 0.0, 0.0
FPL_Peasant.out, 1, 0.0, 0.0
shampainxhoe.out, 1, 0.0, 0.0
imgblur.out, 1, 0.0, 0.0
shr0s.out, 1, 0.0, 0.0
airrescue112.out, 1, 0.0, 0.0
om_kuldiya.out, 1, 0.0, 0.0
kiki_puzmulti09.out, 1, 0.0, 0.0
biyno.out, 1, 0.0, 0.0
cardcounterswin.out, 1, 0.0, 0.0
FU_Wendy94.out, 1, 0.0, 0.0
khEstephan.out, 1, 0.0, 0.0
ArchMaher.out, 1, 0.0, 0.0
maga_zine_usa.out, 2, 0.0, 0.0
byaksharin.out, 1, 0.0, 0.0
tumblrsdiamond.out, 1, 0.0, 0.0
9hylr.out, 1, 0.0, 0.0
periwinxkle.out, 1, 0.0, 0.0
edonewithu.out, 1, 0.0, 0.0
larissabohm_.out, 1, 0.0, 0.0
yarbr012.out, 1, 0.0, 0.0
0shagra.out, 1, 0.0, 0.0
luluzeko.out, 1, 0.0, 0.0
InfoSecurity99.out, 1, 0.0, 0.0
101santosh1.out, 1, 0.0, 0.0
hataya2412.out, 1, 0.0, 0.0
AriannaRose___.out, 1, 0.0, 0.0
ItzkowitzJoseph.out, 1, 0.0, 0.0
GYFHAS.out, 3, 0.1, 0.1
tanviarora03.out, 1, 0.0, 0.0
ishtkam.out, 1, 0.0, 0.0
CurfewFew.out, 1, 0.0, 0.0
beachcrazy70.out, 1, 0.0, 0.0
basomlamjarred1.out, 1, 0.0, 0.0
malasqalani.out, 1, 0.0, 0.0
DestinyyGrayson.out, 1, 0.0, 0.0
LynnNodland.out, 1, 0.0, 0.0
AndrewzNancyna.out, 1, 0.0, 0.0
FqbvMp.out, 1, 0.0, 0.0
_MissLola.out, 1, 0.0, 0.0
r6_monkey.out, 1, 0.0, 0.0
lberiko_mok.out, 1, 0.0, 0.0
BadUberX.out, 1, 0.0, 0.0
tripology.out, 1, 0.0, 0.0
kizantech.out, 1, 0.0, 0.0
Cinephile_93.out, 1, 0.0, 0.0
hyfrjoon.out, 1, 0.0, 0.0
mlawrence418.out, 1, 0.0, 0.0
isaybeybehhh.out, 1, 0.0, 0.0
iAmydear.out, 1, 0.0, 0.0
HallyWater.out, 1, 0.0, 0.0
kennboii1.out, 1, 0.0, 0.0
baloneyblake.out, 1, 0.0, 0.0
BryanOFWG.out, 1, 0.0, 0.0
meersjackstaff.out, 1, 0.0, 0.0
robin_vasudeo.out, 1, 0.0, 0.0
BubzPraxis.out, 1, 0.0, 0.0
__undelay.out, 1, 0.0, 0.0
musicjpnews_mti.out, 1, 0.0, 0.0
sikandarbjp.out, 1, 0.0, 0.0
shadowhuntxs.out, 1, 0.0, 0.0
saharazadey95.out, 1, 0.0, 0.0
Eurix_.out, 1, 0.0, 0.0
CarmillaLusta.out, 1, 0.0, 0.0
phoebemadrid07.out, 1, 0.0, 0.0
yoongifying.out, 1, 0.0, 0.0
trippymesi.out, 1, 0.0, 0.0
rihbirth_.out, 1, 0.0, 0.0
beanieonjungie.out, 1, 0.0, 0.0
Cerelak__.out, 1, 0.0, 0.0
q0rtz.out, 1, 0.0, 0.0
Datsdat1Haitian.out, 1, 0.0, 0.0
falconspress.out, 1, 0.0, 0.0
abdelraahman_.out, 1, 0.0, 0.0
Jason_Havok.out, 1, 0.0, 0.0
DeathIsReaper.out, 1, 0.0, 0.0
samapressnet.out, 1, 0.0, 0.0
mochapaper.out, 1, 0.0, 0.0
i_AhmeDz.out, 1, 0.0, 0.0
AkwaIbomBabe.out, 1, 0.0, 0.0
ILoveEgypt.out, 1, 0.0, 0.0
miriansunday1.out, 1, 0.0, 0.0
Galle_Watch.out, 1, 0.0, 0.0
boutiquenrfny.out, 1, 0.0, 0.0
nellokie.out, 1, 0.0, 0.0
ning_pb.out, 1, 0.0, 0.0
B_DeShun.out, 1, 0.0, 0.0
Anubhuti_dvn.out, 1, 0.0, 0.0
fiweh.out, 1, 0.0, 0.0
1lwii.out, 1, 0.0, 0.0
ismg_press.out, 1, 0.0, 0.0
pstnpim.out, 1, 0.0, 0.0
itsmagesty.out, 1, 0.0, 0.0
Hyperslw4Trump.out, 2, 0.0, 0.125
meenassyas.out, 1, 0.0, 0.0
staizus.out, 1, 0.0, 0.0
raaa03.out, 1, 0.0, 0.0
seraphimmoon13.out, 2, 0.0, 0.0
murdamamitianni.out, 1, 0.0, 0.0
toey_teukmylove.out, 1, 0.0, 0.0
morganhope26.out, 1, 0.0, 0.0
DesuDesuBitches.out, 1, 0.0, 0.0
sseloxqq.out, 1, 0.0, 0.0
AskZuri.out, 1, 0.0, 0.0
laurenstown.out, 1, 0.0, 0.0
emilianoperdiz1.out, 1, 0.0, 0.0
DaveOfLeeds11.out, 1, 0.0, 0.0
AhmdJoker74.out, 1, 0.0, 0.0
Darealkaybrobs.out, 1, 0.0, 0.0
webjframework.out, 1, 0.0, 0.0
delreysmain.out, 1, 0.0, 0.0
JohnCharlesThe.out, 1, 0.0, 0.0
bibonix.out, 1, 0.0, 0.0
BBoxM.out, 1, 0.0, 0.0
JazSoOutspoken_.out, 1, 0.0, 0.0
wing5536.out, 1, 0.0, 0.0
savagejayyyyy.out, 1, 0.0, 0.0
Cheating_Sluts.out, 1, 0.0, 0.0
BlossomingDohee.out, 1, 0.0, 0.0
7UAJ2N.out, 1, 0.0, 0.0
vitalKxDD.out, 1, 0.0, 0.0
0karena.out, 1, 0.0, 0.0
sxlm_a.out, 1, 0.0, 0.0
flaxolord.out, 1, 0.0, 0.0
anricyann.out, 1, 0.0, 0.0
teyeonrain.out, 1, 0.0, 0.0
JustSayn2000.out, 1, 0.0, 0.0
BiveMarivic.out, 1, 0.0, 0.0
lindaikeji.out, 1, 0.0, 0.0
naukapujaraa.out, 1, 0.0, 0.0
londonbckoned.out, 1, 0.0, 0.0
GlitMail.out, 1, 0.0, 0.0
giveawayrackly.out, 1, 0.0, 0.0
simpleservantry.out, 1, 0.0, 0.0
benxmuhd.out, 1, 0.0, 0.0
mrpankajsethi.out, 1, 0.0, 0.0
KaewTyl.out, 1, 0.0, 0.0
soundinmyhands.out, 1, 0.0, 0.0
_CheriePhi_.out, 1, 0.0, 0.0
AKMzimiser.out, 1, 0.0, 0.0
JovenConBandass.out, 1, 0.0, 0.0
GigJobsSearch.out, 1, 0.0, 0.0
coldpjm.out, 1, 0.0, 0.0
mrmsramen.out, 1, 0.0, 0.0
donfemosty.out, 1, 0.0, 0.0
mu90live.out, 1, 0.0, 0.0
s__whale.out, 1, 0.0, 0.0
turkoiculture.out, 1, 0.0, 0.0
3aybnee.out, 1, 0.0, 0.0
AyeoRenaissance.out, 1, 0.0, 0.0
I_AM_CALLYWOOD.out, 1, 0.0, 0.0
mhdfris.out, 1, 0.0, 0.0
dragonboioso.out, 1, 0.0, 0.0
hfhfd74.out, 1, 0.0, 0.0
isaacrayallen.out, 1, 0.0, 0.0
133e1cde26d54e2.out, 1, 0.0, 0.0
legendhanbin.out, 1, 0.0, 0.0
JJVSRMJJ.out, 1, 0.0, 0.0
starrryndo.out, 1, 0.0, 0.0
annakissed36.out, 1, 0.0, 0.0
mary_p7mary3.out, 1, 0.0, 0.0
BalelBauer.out, 2, -0.5, 1.0
AuthenticVie.out, 1, 0.0, 0.0
GMamachckn.out, 1, 0.0, 0.0
SamFeldtMusic.out, 1, 0.0, 0.0
outofmyplanet.out, 1, 0.0, 0.0
AnthonyFJones.out, 1, 0.0, 0.0
kaes_so.out, 1, 0.0, 0.0
babydol95921089.out, 1, 0.0, 0.0
Doitlikejordy.out, 1, 0.0, 0.0
buran_love.out, 1, 0.0, 0.0
mooktuan.out, 1, 0.0, 0.0
BadAssEvelyn.out, 1, 0.0, 0.0
sarah_208.out, 1, 0.0, 0.0
bbambam_1a.out, 1, 0.0, 0.0
rjcress.out, 1, 0.0, 0.0
ISeeAll.out, 1, 0.0, 0.0
perfectdraftbbq.out, 1, 0.0, 0.0
punningpundit.out, 1, 0.0, 0.0
wimaxch.out, 1, 0.0, 0.0
___scumbagsteve.out, 1, 0.0, 0.0
newsattitude.out, 1, 0.0, 0.0
Ioujane.out, 1, 0.0, 0.0
am0reno1.out, 1, 0.0, 0.0
mayhemeagan.out, 1, 0.0, 0.0
1blessedbee.out, 2, 0.0, 0.0
gpworea3.out, 1, 0.0, 0.0
FahoddyNoof.out, 1, 0.0, 0.0
ANIUSHKA.out, 1, 0.0, 0.0
0613amasajj.out, 1, 0.0, 0.0
youkoudan.out, 1, 0.0, 0.0
kounorey.out, 1, 0.0, 0.0
BiShi_KD.out, 1, 0.0, 0.0
holliday_post.out, 1, 0.0, 0.0
blackbullrt.out, 1, 0.0, 0.0
albiepatatas.out, 1, 0.0, 0.0
lauren_bonham.out, 1, 0.0, 0.0
nijierotai.out, 1, 0.0, 0.0
sunlightradio.out, 1, 0.0, 0.0
kechinbouzoukei.out, 1, 0.0, 0.0
ebtqbhudiqoihl2.out, 1, 0.0, 0.0
4theloveofej.out, 1, 0.0, 0.0
tmj_chi_jobs.out, 1, 0.0, 0.0
FBargainsGalore.out, 1, 0.0, 0.0
to9etherwithyou.out, 1, 0.0, 0.0
CBCAlerts.out, 4, 0.175, 0.8
pettylo_.out, 1, 0.0, 0.0
jan14anurag.out, 1, 0.0, 0.0
eddyldn_.out, 1, 0.0, 0.0
ibtehaj_akber.out, 1, 0.0, 0.0
philafelines.out, 1, 0.0, 0.0
Imz1222.out, 1, 0.0, 0.0
JAISURYAN.out, 1, 0.0, 0.0
FreakyPIMM.out, 1, 0.0, 0.0
jillholtzmanns.out, 2, 0.311111111111, 0.477777777778
softcheols.out, 1, 0.0, 0.0
HemanthChv.out, 1, 0.0, 0.0
KK_API.out, 1, 0.0, 0.0
daysofcxndy.out, 1, 0.0, 0.0
oshietee.out, 1, 0.0, 0.0
altaernate.out, 1, 0.0, 0.0
neylandmafia.out, 1, 0.0, 0.0
hunthehyun.out, 1, 0.0, 0.0
funnyquad.out, 1, 0.0, 0.0
____ElleDiablo.out, 1, 0.0, 0.0
ursula_salvador.out, 1, 0.0, 0.0
emsterdamn.out, 1, 0.0, 0.0
A_H_Jokes.out, 1, 0.0, 0.0
an_elfff.out, 1, 0.0, 0.0
ohseeoui.out, 1, 0.0, 0.0
abberalll.out, 1, 0.0, 0.0
GhanaVibes.out, 1, 0.0, 0.0
bobesteez.out, 1, 0.0, 0.0
CooperKnox.out, 1, 0.0, 0.0
Amirmajedyasery.out, 1, 0.0, 0.0
DebEDaniels.out, 2, 0.0, 1.0
AFacts4You.out, 1, 0.0, 0.0
real__bc.out, 1, 0.0, 0.0
Dancingqueen_GG.out, 1, 0.0, 0.0
hayachineusuyu1.out, 1, 0.0, 0.0
ellina_gen.out, 1, 0.0, 0.0
septemberwind__.out, 1, 0.0, 0.0
AndriErlingsson.out, 1, 0.0, 0.0
JPuga1966.out, 1, 0.0, 0.0
zombie_nyc.out, 1, 0.0, 0.0
nana_zawa.out, 1, 0.0, 0.0
cyberpinoyradio.out, 1, 0.0, 0.0
Emely12765.out, 1, 0.0, 0.0
HPMP12.out, 1, 0.0, 0.0
EarthMineYours.out, 1, 0.0, 0.0
giveawaynood.out, 1, 0.0, 0.0
shectumsempra.out, 1, 0.0, 0.0
shansand65.out, 1, 0.0, 0.0
knuygsoo.out, 1, 0.0, 0.0
ivasilyuky.out, 1, 0.0, 0.0
AyahWatelawah.out, 1, 0.0, 0.0
queenthishiit.out, 1, 0.0, 0.0
365Chicago.out, 1, 0.0, 0.0
HotmaiBill.out, 1, 0.0, 0.0
palimohiethind.out, 1, 0.0, 0.0
sIaytina.out, 1, 0.0, 0.0
michellex5238.out, 1, 0.0, 0.0
urbanxgypsy.out, 1, 0.0, 0.0
CBS46Traffic.out, 1, 0.0, 0.0
Jas_O_Mine13.out, 1, 0.0, 0.0
stevekHQ.out, 1, 0.0, 0.0
naughteeismaxim.out, 1, 0.0, 0.0
neileza26.out, 1, 0.0, 0.0
newsjunkieswmo.out, 3, -0.0318181818182, 0.377272727273
darealchoppo.out, 1, 0.0, 0.0
freefastcashvi.out, 1, 0.0, 0.0
HeartOfScandal.out, 1, 0.0, 0.0
tracobsivans.out, 1, 0.0, 0.0
_ElUta.out, 1, 0.0, 0.0
EmilyAnnDavis.out, 1, 0.0, 0.0
AwesmoeB.out, 1, 0.0, 0.0
411Innovations.out, 1, 0.0, 0.0
nabbiebs.out, 1, 0.0, 0.0
richardwjones.out, 1, 0.0, 0.0
DragemT1814.out, 1, 0.0, 0.0
fromjesstoyou.out, 1, 0.0, 0.0
sondra_rodgers.out, 1, 0.0, 0.0
Feeds4U.out, 1, 0.0, 0.0
elderlyhobbit.out, 1, 0.0, 0.0
BinaryOptionEU.out, 1, 0.0, 0.0
gustavozelele.out, 1, 0.0, 0.0
FistPumpBaby.out, 1, 0.0, 0.0
zurupeto35.out, 1, 0.0, 0.0
fivejohnny5.out, 1, 0.0, 0.0
Diogoreis6969.out, 1, 0.0, 0.0
iBabyShopping.out, 1, 0.0, 0.0
Blue___7th4U.out, 1, 0.0, 0.0
_ilstagram.out, 1, 0.0, 0.0
JeabSJ137.out, 1, 0.0, 0.0
trevorkemngang.out, 1, 0.0, 0.0
arne_0915.out, 1, 0.0, 0.0
AdnanLaBanane.out, 1, 0.0, 0.0
AyyyyeChris.out, 1, 0.0, 0.0
GreatTrump1.out, 2, 0.0, 0.5
IzzahNasir99.out, 1, 0.0, 0.0
smbd.out, 1, 0.0, 0.0
lozrmxtpfjhzkf1.out, 1, 0.0, 0.0
cvh86.out, 1, 0.0, 0.0
soodal_nari.out, 1, 0.0, 0.0
themetalmarvels.out, 1, 0.0, 0.0
mairafzal.out, 1, 0.0, 0.0
Cubanoticias.out, 1, 0.0, 0.0
amelialaileeee.out, 1, 0.0, 0.0
tryssiie_.out, 1, 0.0, 0.0
hellavenus.out, 1, 0.0, 0.0
eveeveeez.out, 1, 0.0, 0.0
Gamolizer.out, 1, 0.0, 0.0
dufus.out, 2, 0.0, 0.0
Atomicnmbr_AU79.out, 4, 0.26625, 0.561666666667
BTS_eunjin.out, 1, 0.0, 0.0
AlbosilyNd.out, 1, 0.0, 0.0
Getbreadlilgreg.out, 1, 0.0, 0.0
x_Heena_x.out, 1, 0.0, 0.0
FreeSpeechOnIsr.out, 1, 0.0, 0.0
knowledge_is_it.out, 1, 0.0, 0.0
DJPeeki.out, 1, 0.0, 0.0
bondsnclescorts.out, 1, 0.0, 0.0
toriggered.out, 1, 0.0, 0.0
BlessingLorrain.out, 1, 0.0, 0.0
akaobi_7001.out, 1, 0.0, 0.0
spritae.out, 1, 0.0, 0.0
_eiramrolyat.out, 1, 0.0, 0.0
1d5sosbandz.out, 1, 0.0, 0.0
Jacquel13149633.out, 1, 0.0, 0.0
_dashaibabyy.out, 1, 0.0, 0.0
FyxokidY.out, 1, 0.0, 0.0
sandeeprrao1991.out, 1, 0.0, 0.0
mxjsmt_.out, 1, 0.0, 0.0
4Yahushua8.out, 1, 0.0, 0.0
IntelSecFQ.out, 1, 0.0, 0.0
herndoncourtney.out, 1, 0.0, 0.0
pausetheprocess.out, 2, 0.0, 0.125
kazuma899.out, 1, 0.0, 0.0
suzybee30.out, 1, 0.0, 0.0
DrDeaRoberts.out, 1, 0.0, 0.0
naboongs.out, 1, 0.0, 0.0
_markaylaaaa.out, 1, 0.0, 0.0
satoshick0323.out, 1, 0.0, 0.0
EcCobyy.out, 1, 0.0, 0.0
Disneylizer.out, 1, 0.0, 0.0
jinyneong.out, 1, 0.0, 0.0
_jackxt852.out, 1, 0.0, 0.0
cerealsmiamiam.out, 1, 0.0, 0.0
ayyputeri.out, 1, 0.0, 0.0
A__Strategy.out, 1, 0.0, 0.0
trill_leee.out, 1, 0.0, 0.0
BlackGhandi.out, 1, 0.0, 0.0
vscharag07.out, 1, 0.0, 0.0
integrex.out, 1, 0.0, 0.0
khalidrafiq138.out, 2, 0.0, 0.0
daniyalahmed24.out, 1, 0.0, 0.0
aconnectedwoman.out, 1, 0.0, 0.0
dawn_zoglio.out, 1, 0.0, 0.0
maryam_afg.out, 1, 0.0, 0.0
yosugara_rrr.out, 1, 0.0, 0.0
GregRomero7.out, 1, 0.0, 0.0
yskh13.out, 1, 0.0, 0.0
KINGofTHIGHHIGH.out, 1, 0.0, 0.0
z4mp1.out, 1, 0.0, 0.0
ribbon_polkadot.out, 1, 0.0, 0.0
2GOOLIVEE.out, 1, 0.0, 0.0
yeahimadore.out, 1, 0.0, 0.0
muendomuindi.out, 1, 0.0, 0.0
win_themark.out, 1, 0.0, 0.0
DeiFrankOne.out, 1, 0.0, 0.0
BellzWebster.out, 1, 0.0, 0.0
IamG00Z3.out, 1, 0.0, 0.0
robert2266.out, 2, 0.0, 0.0
wutangbunny.out, 1, 0.0, 0.0
funnyfunpage.out, 1, 0.0, 0.0
timelivenews.out, 1, 0.0, 0.0
CloisterFuck.out, 1, 0.0, 0.0
alondra_1237.out, 1, 0.0, 0.0
saintseiyas.out, 1, 0.0, 0.0
bbykyw.out, 1, 0.0, 0.0
syookrys.out, 1, 0.0, 0.0
respicite.out, 1, 0.0, 0.0
fentyfendi.out, 1, 0.0, 0.0
oliemibou.out, 3, 0.8125, 0.4
JuggingWithTee.out, 1, 0.0, 0.0
_jgabriel21.out, 1, 0.0, 0.0
5HDefenceBr.out, 1, 0.0, 0.0
jay_obvious.out, 1, 0.0, 0.0
gooberspa.out, 2, 0.0, 0.0
Ivan226622.out, 2, 0.0, 0.0
mayonnaissica.out, 1, 0.0, 0.0
jamio_rosalinda.out, 1, 0.0, 0.0
mjohnso27.out, 5, -0.233333333333, 0.733333333333
homeshipping1.out, 1, 0.0, 0.0
ablvckgoddess.out, 1, 0.0, 0.0
stonefieldESAG.out, 1, 0.0, 0.0
jeonghanie.out, 1, 0.0, 0.0
edglasgow59.out, 1, 0.0, 0.0
maddeningspeci2.out, 2, 0.4, 0.2
carlosriverao.out, 1, 0.0, 0.0
lilelztaylor.out, 1, 0.0, 0.0
_FataIity.out, 1, 0.0, 0.0
missterrmilkk.out, 1, 0.0, 0.0
ugh_simone.out, 1, 0.0, 0.0
FoodSnoop01.out, 1, 0.0, 0.0
geek_au.out, 1, 0.0, 0.0
amirazakiiii.out, 1, 0.0, 0.0
nafeza2world.out, 1, 0.0, 0.0
AnonOpBeastBot.out, 1, 0.0, 0.0
xkillyouridols.out, 1, 0.0, 0.0
yaoigod_.out, 1, 0.0, 0.0
AlvinKoch.out, 1, 0.0, 0.0
CeniyaG.out, 1, 0.0, 0.0
eaglesrealist.out, 1, 0.0, 0.0
iinoh.out, 1, 0.0, 0.0
hoItzmannsgay.out, 1, 0.0, 0.0
eevrr.out, 1, 0.0, 0.0
AustinLimoGuide.out, 1, 0.0, 0.0
haru_oujilove.out, 1, 0.0, 0.0
kailanilol.out, 1, 0.0, 0.0
mkhailer.out, 1, 0.0, 0.0
grico1991.out, 1, 0.0, 0.0
eniammac.out, 1, 0.0, 0.0
rowdy_ratnani.out, 1, 0.0, 0.0
emmanuelsblog.out, 1, 0.0, 0.0
young_maymay.out, 3, -0.7, 0.666666666667
erykamah.out, 1, 0.0, 0.0
minseokaffeine.out, 1, 0.0, 0.0
cyu_ri.out, 1, 0.0, 0.0
lumalozy.out, 1, 0.0, 0.0
fawwazalmatire.out, 1, 0.0, 0.0
freemauicoupons.out, 1, 0.0, 0.0
BoomersAreEvil.out, 1, 0.0, 0.0
ET_ranoshy.out, 1, 0.0, 0.0
C21Synergy.out, 1, 0.0, 0.0
thwrn_news.out, 1, 0.0, 0.0
liebe_laur.out, 1, 0.0, 0.0
pyre_souljah.out, 1, 0.0, 0.0
zjmlived.out, 1, 0.0, 0.0
CanasNicole45.out, 1, 0.0, 0.0
itassessors.out, 1, 0.0, 0.0
zizah_jisil.out, 1, 0.0, 0.0
HanSolo_2187.out, 1, 0.0, 0.0
calhoun_monique.out, 1, 0.0, 0.0
rasheduzaman_md.out, 1, 0.0, 0.0
AyeThatsSonnie_.out, 1, 0.0, 0.0
thejimfonggroup.out, 1, 0.0, 0.0
CBMFRadio_FR.out, 1, 0.0, 0.0
Brentendo_64.out, 1, 0.0, 0.0
Goldenbvllets_.out, 1, 0.0, 0.0
cityofthefeels.out, 1, 0.0, 0.0
wesleyrelax.out, 1, 0.0, 0.0
pokeHOBImon.out, 1, 0.0, 0.0
ontha_mab.out, 1, 0.0, 0.0
DJTYE203.out, 1, 0.0, 0.0
xvlav.out, 1, 0.0, 0.0
HARUN_CARSWELL.out, 1, 0.0, 0.0
dial3908.out, 1, 0.0, 0.0
Ganbare_Gincun.out, 1, 0.0, 0.0
knute1888.out, 1, 0.0, 0.0
Club_Acuarius.out, 1, 0.0, 0.0
atheistProgress.out, 1, 0.0, 0.0
nopromisesmndes.out, 1, 0.0, 0.0
jchrispyyyy.out, 1, 0.0, 0.0
emsfen_.out, 1, 0.0, 0.0
JiggyKeso.out, 2, 0.0, 0.0
iamshayykim.out, 1, 0.0, 0.0
fionnaXWolf.out, 1, 0.0, 0.0
brunad07.out, 1, 0.0, 0.0
wwozzydo.out, 1, 0.0, 0.0
musejamie.out, 2, -0.4, 0.4
CCourtneyclift.out, 1, 0.0, 0.0
JIMINPARKINGLOT.out, 1, 0.0, 0.0
bluelinerhockey.out, 1, 0.0, 0.0
mags1398.out, 1, 0.0, 0.0
pearlzb4swine.out, 1, 0.0, 0.0
draganakaurin.out, 1, 0.0, 0.0
beverlyNOTMYPRE.out, 1, 0.0, 0.0
FoggJerome1.out, 1, 0.0, 0.0
JasonAAV.out, 1, 0.0, 0.0
username_XO_.out, 1, 0.0, 0.0
lovelace_cofie.out, 1, 0.0, 0.0
daimines.out, 1, 0.0, 0.0
Gochu75.out, 1, 0.0, 0.0
pouty56.out, 1, 0.0, 0.0
shameIesssivan.out, 1, 0.0, 0.0
pcythepup.out, 1, 0.0, 0.0
0zenvb.out, 1, 0.0, 0.0
kepler_nicolaus.out, 1, 0.0, 0.0
Freikugal.out, 1, 0.0, 0.0
mycellphwne.out, 1, 0.0, 0.0
JOHNNEYKADE.out, 1, 0.0, 0.0
chromless.out, 1, 0.0, 0.0
yvr_jadine.out, 1, 0.0, 0.0
abipluse.out, 1, 0.0, 0.0
ushopweshop.out, 1, 0.0, 0.0
5mrCom.out, 1, 0.0, 0.0
homeAInews.out, 1, 0.0, 0.0
FiberMountain.out, 1, 0.0, 0.0
ImeneYNadaMas.out, 1, 0.0, 0.0
F_kuwaiteya.out, 1, 0.0, 0.0
wanidlop.out, 1, 0.0, 0.0
nsrawish.out, 1, 0.0, 0.0
fs162.out, 1, 0.0, 0.0
lixomortal.out, 1, 0.0, 0.0
reggieh123.out, 1, 0.0, 0.0
_ThePage.out, 2, 0.0, 0.0
kamdenaubreyy.out, 1, 0.0, 0.0
mermaidirish.out, 1, 0.0, 0.0
_briannal0l.out, 1, 0.0, 0.0
mikeaecons.out, 1, 0.0, 0.0
idkmixhelle.out, 1, 0.0, 0.0
Glory_Hole_Now.out, 1, 0.0, 0.0
Imoncee.out, 1, 0.0, 0.0
CelebsTea.out, 1, 0.0, 0.0
JonDoeTV.out, 1, 0.0, 0.0
tsumug1000.out, 1, 0.0, 0.0
il_cielo36.out, 1, 0.0, 0.0
jocelyncamia.out, 1, 0.0, 0.0
BN_BreakingNews.out, 2, 0.0, 0.0
httpdyoongi.out, 1, 0.0, 0.0
bombayinformer.out, 1, 0.0, 0.0
folyqa.out, 1, 0.0, 0.0
Joseph_Alyoubi.out, 1, 0.0, 0.0
mvbrat91.out, 1, 0.0, 0.0
gicawyby.out, 1, 0.0, 0.0
fakealiceu.out, 4, 0.211111111111, 0.411111111111
squixr.out, 1, 0.0, 0.0
umrashed_60.out, 1, 0.0, 0.0
httpxelaine.out, 1, 0.0, 0.0
ByronDeezy.out, 1, 0.0, 0.0
jonyourside.out, 2, 0.25, 0.333333333333
sk8maloleygirl.out, 1, 0.0, 0.0
Cellycell_.out, 1, 0.0, 0.0
saleem1341.out, 1, 0.0, 0.0
f2hbyeol.out, 1, 0.0, 0.0
_onlyykeyy.out, 1, 0.0, 0.0
yesungjwk.out, 1, 0.0, 0.0
namjoonisboss.out, 1, 0.0, 0.0
911GOD.out, 1, 0.0, 0.0
screenshotlife.out, 1, 0.0, 0.0
mstreeter06.out, 1, 0.0, 0.0
n_diamante.out, 1, 0.0, 0.0
iBookChick.out, 1, 0.0, 0.0
amalboom.out, 1, 0.0, 0.0
margaritarr8.out, 5, 0.0, 1.0
kixxonlee.out, 1, 0.0, 0.0
joseph_nti.out, 1, 0.0, 0.0
air1news.out, 1, 0.0, 0.0
BTS_Banana_.out, 1, 0.0, 0.0
socialist666.out, 1, 0.0, 0.0
mzonetv.out, 1, 0.0, 0.0
JerryLonsdale1.out, 1, 0.0, 0.0
blessed_boyz.out, 1, 0.0, 0.0
jhastings71.out, 1, 0.0, 0.0
dejrachel.out, 1, 0.0, 0.0
BBCoachAlex.out, 1, 0.0, 0.0
24madoka_no1.out, 1, 0.0, 0.0
Aya16087588.out, 1, 0.0, 0.0
namsquaredhyung.out, 1, 0.0, 0.0
lancashirem.out, 1, 0.0, 0.0
srijssss.out, 1, 0.0, 0.0
defsouItwt.out, 1, 0.0, 0.0
fupumpkinhead.out, 1, 0.0, 0.0
usafss74.out, 1, 0.0, 0.0
robertdrakes.out, 1, 0.0, 0.0
DRUMR48.out, 3, 0.0, 1.0
FernhaeYnovel.out, 1, 0.0, 0.0
iisai0_.out, 1, 0.0, 0.0
aboutnici.out, 1, 0.0, 0.0
alroomonsi.out, 1, 0.0, 0.0
blahqdove.out, 1, 0.0, 0.0
jvshaliss.out, 1, 0.0, 0.0
tyorappe_4846.out, 1, 0.0, 0.0
_ngoo.out, 1, 0.0, 0.0
_IIIXXVII_.out, 1, 0.0, 0.0
tapocaopiniao.out, 1, 0.0, 0.0
JM5__.out, 1, 0.0, 0.0
oceanmeat.out, 1, 0.0, 0.0
hartley_claire1.out, 1, 0.0, 0.0
w00dchuk.out, 1, 0.0, 0.0
ErikH526.out, 15, 0.0550964187328, 0.403856749311
Dianaxan.out, 1, 0.0, 0.0
had_jaaa.out, 1, 0.0, 0.0
dogrocker12.out, 1, 0.0, 0.0
open4profit.out, 1, 0.0, 0.0
JosephXjivshjsg.out, 1, 0.0, 0.0
japanbullet.out, 1, 0.0, 0.0
brightlyirwin.out, 1, 0.0, 0.0
nonbinarymoon.out, 1, 0.0, 0.0
eastline.out, 1, 0.0, 0.0
BritainsExport.out, 1, 0.0, 0.0
msruck.out, 1, 0.0, 0.0
kanjgun.out, 1, 0.0, 0.0
can4drian.out, 2, 0.25, 0.25
sriramhebbar.out, 1, 0.0, 0.0
FLOPMEL.out, 1, 0.0, 0.0
rungii.out, 1, 0.0, 0.0
CatIsThicc.out, 1, 0.0, 0.0
vinnybags62.out, 1, 0.0, 0.0
playboityrie.out, 1, 0.0, 0.0
AsiaPacificNeus.out, 1, 0.0, 0.0
useit84.out, 1, 0.0, 0.0
exo_lovekaikai.out, 1, 0.0, 0.0
yumecuisine.out, 1, 0.0, 0.0
lovelyPITA82.out, 1, 0.0, 0.0
peach_n_pie.out, 1, 0.0, 0.0
GetDailyCash101.out, 1, 0.0, 0.0
swissifg.out, 1, 0.0, 0.0
xlH4TT3Rlx.out, 1, 0.0, 0.0
KWlZZLE.out, 1, 0.0, 0.0
BuddytheGecko.out, 1, 0.0, 0.0
aarielh_.out, 1, 0.0, 0.0
wonwooos_.out, 1, 0.0, 0.0
proprhunters.out, 2, 0.0, 0.0
popees.out, 1, 0.0, 0.0
savbail.out, 1, 0.0, 0.0
redcannoned.out, 1, 0.0, 0.0
mrsbinker.out, 1, 0.0, 0.0
Alsahli_amt.out, 1, 0.0, 0.0
leoara10.out, 1, 0.0, 0.0
ElPibePepon.out, 1, 0.0, 0.0
meePrakash.out, 1, 0.0, 0.0
izms1201.out, 1, 0.0, 0.0
boweaver11.out, 2, -0.288888888889, 0.411111111111
karlito21_.out, 1, 0.0, 0.0
jobfindlypython.out, 1, 0.0, 0.0
porisu_pori.out, 1, 0.0, 0.0
queenbitchspray.out, 1, 0.0, 0.0
gvarner123.out, 2, 0.0, 0.0
Dowoonderful.out, 1, 0.0, 0.0
thestorymint.out, 1, 0.0, 0.0
gnarlyjaffa.out, 1, 0.0, 0.0
sutaviridemi.out, 1, 0.0, 0.0
chronic63.out, 1, 0.0, 0.0
FadsSsfmsya.out, 1, 0.0, 0.0
znyderlex.out, 1, 0.0, 0.0
johncharles1518.out, 1, 0.0, 0.0
hunxarts_.out, 1, 0.0, 0.0
chescafrxn.out, 1, 0.0, 0.0
CarrboroYoga.out, 1, 0.0, 0.0
yelhsaashley__.out, 1, 0.0, 0.0
Gill_i_Gan.out, 1, 0.0, 0.0
crictoday.out, 1, 0.0, 0.0
momenallam_.out, 1, 0.0, 0.0
Cuba_Freedom.out, 3, -0.2, 0.2
AEArtLaw.out, 1, 0.0, 0.0
officialdevian.out, 1, 0.0, 0.0
teachersdesign.out, 1, 0.0, 0.0
finesser_mya.out, 1, 0.0, 0.0
jewelrytreasure.out, 1, 0.0, 0.0
windowpub.out, 1, 0.0, 0.0
_mybabyharry.out, 1, 0.0, 0.0
Hxim1.out, 1, 0.0, 0.0
psk337.out, 1, 0.0, 0.0
muses220.out, 2, 0.6, 0.475
gamal_mohamed3.out, 1, 0.0, 0.0
takaya19940522.out, 1, 0.0, 0.0
AquariousMs.out, 1, 0.0, 0.0
el_terroso.out, 1, 0.0, 0.0
Alex_GroomSocks.out, 1, 0.0, 0.0
yerimnews.out, 1, 0.0, 0.0
papasvke.out, 1, 0.0, 0.0
cristinasy91.out, 1, 0.0, 0.0
EWUMBB.out, 1, 0.0, 0.0
__KANAKO_MMR.out, 1, 0.0, 0.0
abu07maeen.out, 1, 0.0, 0.0
ratzatouille.out, 1, 0.0, 0.0
albajo0or.out, 1, 0.0, 0.0
tenschrist.out, 1, 0.0, 0.0
KarthikRobben.out, 1, 0.0, 0.0
Inspirit_Boo.out, 1, 0.0, 0.0
nCurrency.out, 1, 0.0, 0.0
fresh_jobs.out, 1, 0.0, 0.0
Dasomology.out, 1, 0.0, 0.0
socialnet_media.out, 1, 0.0, 0.0
wallmethzarare.out, 1, 0.0, 0.0
alfabriell.out, 1, 0.0, 0.0
KSLC__.out, 1, 0.0, 0.0
asdzaid.out, 1, 0.0, 0.0
iPaigeTurnah.out, 1, 0.0, 0.0
jennyhaeyo.out, 1, 0.0, 0.0
vojinurosevic.out, 1, 0.0, 0.0
ickobel.out, 1, 0.0, 0.0
xbabygomezx.out, 1, 0.0, 0.0
CNNsWorld.out, 1, 0.0, 0.0
Caramel_finee.out, 1, 0.0, 0.0
AbuMaya85.out, 1, 0.0, 0.0
oxtheg.out, 1, 0.0, 0.0
guminya924x.out, 1, 0.0, 0.0
BoniAXS.out, 1, 0.0, 0.0
1losthillbilly.out, 1, 0.0, 0.0
carolehers.out, 6, 0.3, 0.2
akachica.out, 1, 0.0, 0.0
buzzzbry.out, 2, 0.0, 0.75
aashonaa.out, 1, 0.0, 0.0
BalqisNabilahA.out, 1, 0.0, 0.0
vanessabecruzen.out, 1, 0.0, 0.0
mmelissam.out, 1, 0.0, 0.0
FHQLG.out, 1, 0.0, 0.0
msnireland.out, 1, 0.0, 0.0
ATSProcurement.out, 1, 0.0, 0.0
glittergyaal.out, 1, 0.0, 0.0
chae__lynn.out, 1, 0.0, 0.0
phlubup.out, 1, 0.0, 0.0
rock_ji_alxd.out, 1, 0.0, 0.0
holtzbuster.out, 1, 0.0, 0.0
Asiaaaaan_.out, 1, 0.0, 0.0
Jakemusc22.out, 1, 0.0, 0.0
sterocuddles.out, 1, 0.0, 0.0
teZtt00bbaby.out, 1, 0.0, 0.0
360WisePhili.out, 1, 0.0, 0.0
AquiEscorpiao.out, 1, 0.0, 0.0
debbie_nean107.out, 1, 0.0, 0.0
campustodaynews.out, 1, 0.0, 0.0
retheeshraj10.out, 1, 0.0, 0.0
FLAWLESSEvE7.out, 1, 0.0, 0.0
IsHannibalOnYet.out, 1, 0.0, 0.0
s_haruka_bot.out, 1, 0.0, 0.0
GandhiUday.out, 1, 0.0, 0.0
benarchie.out, 1, 0.0, 0.0
lahsteve.out, 1, 0.0, 0.0
armon_13.out, 1, 0.0, 0.0
amandasome.out, 1, 0.0, 0.0
FionaHopeAitken.out, 1, 0.0, 0.0
haifatin.out, 1, 0.0, 0.0
kento0313_suki.out, 1, 0.0, 0.0
BalramOm.out, 1, 0.0, 0.0
IT_Secure_Gamer.out, 1, 0.0, 0.0
studio26radio.out, 1, 0.0, 0.0
soovcnjung.out, 1, 0.0, 0.0
reddit_top.out, 1, 0.0, 0.0
refg489f.out, 1, 0.0, 0.0
InvertdWhinger.out, 1, 0.0, 0.0
claudia_codrea.out, 1, 0.0, 0.0
Google_My_Boobx.out, 1, 0.0, 0.0
aneesafiyah.out, 1, 0.0, 0.0
sa7ar1179.out, 1, 0.0, 0.0
CamillaftJolex.out, 1, 0.0, 0.0
beloved_wowwh.out, 1, 0.0, 0.0
city9320.out, 1, 0.0, 0.0
puppy_training_.out, 1, 0.0, 0.0
mediatrix_o5.out, 1, 0.0, 0.0
fransnielsen.out, 1, 0.0, 0.0
figppei.out, 1, 0.0, 0.0
scaleup_rt.out, 1, 0.0, 0.0
craftyone39dawn.out, 1, 0.0, 0.0
oikono1885.out, 3, 0.0, 0.0
DellaCooper3.out, 7, 0.0, 0.0
hoodrichbean.out, 1, 0.0, 0.0
_mleykh.out, 1, 0.0, 0.0
AlaneziSultan.out, 1, 0.0, 0.0
angiemc0907.out, 1, 0.0, 0.0
shun_rika_ngt48.out, 1, 0.0, 0.0
ddinside15.out, 1, 0.0, 0.0
BICONlC.out, 1, 0.0, 0.0
humano_demasia3.out, 1, 0.0, 0.0
pstlsira.out, 1, 0.0, 0.0
bestactor16.out, 1, 0.0, 0.0
talkmedownjh.out, 1, 0.0, 0.0
has_mug.out, 1, 0.0, 0.0
mint_msk.out, 1, 0.0, 0.0
5o5a_K2.out, 1, 0.0, 0.0
ConwyCountyDay.out, 1, 0.0, 0.0
legsluquis.out, 1, 0.0, 0.0
HindKhabar.out, 1, 0.0, 0.0
fri3Qx.out, 1, 0.0, 0.0
ceeno23.out, 1, 0.0, 0.0
kirinon1_2.out, 1, 0.0, 0.0
_LexCorpp.out, 1, 0.0, 0.0
asuka_nct.out, 1, 0.0, 0.0
Divo_Fierce.out, 1, 0.0, 0.0
bisyarjombang.out, 1, 0.0, 0.0
sarafonsecajb.out, 1, 0.0, 0.0
Gatemotors_com.out, 1, 0.0, 0.0
Iam_xlimzy.out, 1, 0.0, 0.0
harryintheamxx.out, 1, 0.0, 0.0
_omgcoldplay.out, 1, 0.0, 0.0
tasttyrecipes.out, 1, 0.0, 0.0
real_mille.out, 1, 0.0, 0.0
ahgatse.out, 1, 0.0, 0.0
_architecture_d.out, 1, 0.0, 0.0
Bluex.out, 1, 0.0, 0.0
GFSH_Worthy.out, 1, 0.0, 0.0
andy_wedge.out, 1, 0.0, 0.0
featjoon.out, 1, 0.0, 0.0
socialQTS.out, 1, 0.0, 0.0
sameoldjonato.out, 1, 0.0, 0.0
thatguymayberry.out, 1, 0.0, 0.0
AerotekJobs.out, 1, 0.0, 0.0
Bonnietarin.out, 1, 0.0, 0.0
jobfindlynyc.out, 1, 0.0, 0.0
bookiebash_uk.out, 1, 0.0, 0.0
AJArabic.out, 3, 0.8, 0.4
maiicassi.out, 1, 0.0, 0.0
EmiratesNow_.out, 1, 0.0, 0.0
mistylo7465.out, 1, 0.0, 0.0
CamzEyes.out, 1, 0.0, 0.0
xRwrZz.out, 1, 0.0, 0.0
Harrvstvles.out, 1, 0.0, 0.0
cutecatshq.out, 1, 0.0, 0.0
GeromanAT.out, 1, 0.0, 0.0
getcoupons.out, 1, 0.0, 0.0
kent_johng.out, 1, 0.0, 0.0
fentynyaz.out, 1, 0.0, 0.0
hamel1776.out, 3, -0.2, 0.6
vrstardiaries.out, 1, 0.0, 0.0
chaartell.out, 1, 0.0, 0.0
BeGreatBean.out, 1, 0.0, 0.0
AishaaaMarie.out, 1, 0.0, 0.0
mohamedAAlotfy2.out, 1, 0.0, 0.0
xoxoAngela24.out, 1, 0.0, 0.0
hernamemani.out, 1, 0.0, 0.0
carmelaloo08.out, 1, 0.0, 0.0
karthis778.out, 1, 0.0, 0.0
EBertolaccini.out, 1, 0.0, 0.0
Hon__E.out, 1, 0.0, 0.0
BrianVanBergen.out, 1, 0.0, 0.0
mredinburgh.out, 1, 0.0, 0.0
ticklingtrout.out, 1, 0.0, 0.0
BahadurHariOm.out, 1, 0.0, 0.0
retrodealsUK.out, 1, 0.0, 0.0
thashark316.out, 1, 0.0, 0.0
cxbbaek.out, 1, 0.0, 0.0
_Loyyalty.out, 1, 0.0, 0.0
Jennahoney2.out, 1, 0.0, 0.0
cynsatiional.out, 1, 0.0, 0.0
Fawaz_A_alosemi.out, 1, 0.0, 0.0
omayeli16.out, 1, 0.0, 0.0
_Nii1.out, 1, 0.0, 0.0
sophiedarat.out, 1, 0.0, 0.0
akvinchrist.out, 2, -0.115909090909, 0.563636363636
m106m106m.out, 1, 0.0, 0.0
_clutchMYpearls.out, 1, 0.0, 0.0
moonIightphases.out, 1, 0.0, 0.0
fruitdecay.out, 1, 0.0, 0.0
AleyaWhaaatt.out, 1, 0.0, 0.0
xymalf.out, 1, 0.0, 0.0
_anaceliaa.out, 1, 0.0, 0.0
joancrawfish.out, 1, 0.0, 0.0
annoyedraccoon.out, 1, 0.0, 0.0
aboleyn.out, 1, 0.0, 0.0
loveymongeau.out, 1, 0.0, 0.0
All_I_Roc_Iz_Jz.out, 1, 0.0, 0.0
seenandheard2o1.out, 2, 0.136363636364, 0.454545454545
mtnhealthcare.out, 1, 0.0, 0.0
peachcleo.out, 1, 0.0, 0.0
micahhomg.out, 1, 0.0, 0.0
bangtan_india.out, 1, 0.0, 0.0
BOOOMSHAKABOOOM.out, 1, 0.0, 0.0
xiamwhatiamx.out, 1, 0.0, 0.0
testdrivernews.out, 1, 0.0, 0.0
wardh773.out, 1, 0.0, 0.0
FenneyJoseph.out, 1, 0.0, 0.0
suhasfranky1.out, 1, 0.0, 0.0
GUCCIGAL1O17.out, 1, 0.0, 0.0
alexexpress24.out, 1, 0.0, 0.0
giveawaybrazz.out, 1, 0.0, 0.0
ddanikawilliams.out, 1, 0.0, 0.0
gokunaruto67.out, 1, 0.0, 0.0
janainamour.out, 1, 0.0, 0.0
Hana_Elf1995.out, 1, 0.0, 0.0
kayochins.out, 1, 0.0, 0.0
youngwildfwee.out, 1, 0.0, 0.0
hoosierpages.out, 1, 0.0, 0.0
pendulum5884.out, 1, 0.0, 0.0
mahmoud_beloo.out, 1, 0.0, 0.0
grimeyravemama.out, 1, 0.0, 0.0
292347SA.out, 1, 0.0, 0.0
fckdot.out, 1, 0.0, 0.0
willoxh.out, 1, 0.0, 0.0
HassanA34798112.out, 1, 0.0, 0.0
dhinyeeun.out, 1, 0.0, 0.0
mortenvh.out, 1, 0.0, 0.0
BobbySakaMusic.out, 1, 0.0, 0.0
worldwideRSS.out, 1, 0.0, 0.0
CWNewsReport.out, 1, 0.0, 0.0
boogwiggin.out, 1, 0.0, 0.0
coolllassB.out, 1, 0.0, 0.0
mzioon_5.out, 1, 0.0, 0.0
Ianto_back2_TW.out, 3, 0.125, 0.166666666667
_RochelleC.out, 1, 0.0, 0.0
loveidols.out, 1, 0.0, 0.0
_shawtybynature.out, 1, 0.0, 0.0
DoceDeagosto12.out, 1, 0.0, 0.0
busanjlkook.out, 1, 0.0, 0.0
NozNewz_com.out, 8, -0.0625, 0.0625
nine_oh.out, 2, 0.0, 0.0
oscarsmotel.out, 1, 0.0, 0.0
JDillensnyder.out, 1, 0.0, 0.0
Dan_McKane.out, 1, 0.0, 0.0
puppyhyung.out, 1, 0.0, 0.0
agsb_bilbao.out, 1, 0.0, 0.0
bangtanbeanz.out, 1, 0.0, 0.0
kingkyliesweave.out, 1, 0.0, 0.0
ItsASickSociety.out, 1, 0.0, 0.0
HistoryGuard__.out, 1, 0.0, 0.0
_tesslawson.out, 1, 0.0, 0.0
GilCividanes.out, 1, 0.0, 0.0
CaitlinBae_.out, 1, 0.0, 0.0
kerbear77.out, 1, 0.0, 0.0
hisnameisbryce.out, 1, 0.0, 0.0
bluehazemay.out, 1, 0.0, 0.0
hjyq2.out, 1, 0.0, 0.0
Cons_Juandai.out, 1, 0.0, 0.0
murtadina.out, 1, 0.0, 0.0
ggekko1pty.out, 1, 0.0, 0.0
donyawan129.out, 1, 0.0, 0.0
invhnlgdq.out, 1, 0.0, 0.0
saifadinsaifad1.out, 1, 0.0, 0.0
gamonionJS.out, 1, 0.0, 0.0
Est_Soul.out, 1, 0.0, 0.0
_jmitch1.out, 1, 0.0, 0.0
3AW693.out, 1, 0.0, 0.0
choimjaebum.out, 1, 0.0, 0.0
DogTrainAdvicex.out, 1, 0.0, 0.0
AyooWilliam.out, 1, 0.0, 0.0
_liddoboss.out, 1, 0.0, 0.0
shadlovesdinero.out, 1, 0.0, 0.0
alexogundadegbe.out, 1, 0.0, 0.0
urcreams.out, 1, 0.0, 0.0
DCRefined.out, 1, 0.0, 0.0
therockydimples.out, 1, 0.0, 0.0
_winning11_.out, 1, 0.0, 0.0
JeffOB774.out, 1, 0.0, 0.0
lauraauday21.out, 1, 0.0, 0.0
remaxlascruces.out, 1, 0.0, 0.0
i_marwadi.out, 1, 0.0, 0.0
cremedelas0ul.out, 1, 0.0, 0.0
jlints58.out, 1, 0.0, 0.0
mel0dy0929.out, 1, 0.0, 0.0
nildaalcarinque.out, 1, 0.0, 0.0
riftcentral.out, 1, 0.0, 0.0
_ifatmma.out, 1, 0.0, 0.0
AVUSD.out, 1, 0.0, 0.0
EvynnTyler.out, 1, 0.0, 0.0
kalisbrood.out, 1, 0.0, 0.0
brexdallas.out, 1, 0.0, 0.0
Alfanda_Kurnia.out, 1, 0.0, 0.0
chxmendesx.out, 1, 0.0, 0.0
fouani_1965.out, 1, 0.0, 0.0
AlHashishim.out, 1, 0.0, 0.0
HarasHarasme.out, 1, 0.0, 0.0
_NintendoDS.out, 1, 0.0, 0.0
rugliabeoulve2.out, 1, 0.0, 0.0
cookyforty0412.out, 1, 0.0, 0.0
falling4dyo.out, 1, 0.0, 0.0
ata_pin.out, 1, 0.0, 0.0
zitties.out, 1, 0.0, 0.0
slipcases.out, 1, 0.0, 0.0
a7medalaa19.out, 1, 0.0, 0.0
jhoonb.out, 1, 0.0, 0.0
wienercontests.out, 1, 0.0, 0.0
AccountantsInUK.out, 1, 0.0, 0.0
kingsolo72.out, 1, 0.0, 0.0
zahir07du.out, 1, 0.0, 0.0
GforceElec.out, 1, 0.0, 0.0
ruth0530.out, 1, 0.0, 0.0
BladeSama_.out, 1, 0.0, 0.0
rachelnb912.out, 1, 0.0, 0.0
elcomerciocom.out, 1, 0.0, 0.0
10021tech.out, 1, 0.0, 0.0
zl_vs.out, 1, 0.0, 0.0
CoinCityWarrior.out, 1, 0.0, 0.0
analnirvana.out, 1, 0.0, 0.0
n3unityradio.out, 1, 0.0, 0.0
ajadayne.out, 1, 0.0, 0.0
IvanWaldorf.out, 1, 0.0, 0.0
lovebody3939.out, 1, 0.0, 0.0
jefferyrhenry.out, 5, 0.275, 0.44375
filhotedepigmeu.out, 1, 0.0, 0.0
ianmhardingger1.out, 1, 0.0, 0.0
anaxaviwr.out, 1, 0.0, 0.0
geechnificent.out, 1, 0.0, 0.0
zassyokukei.out, 1, 0.0, 0.0
femolevsky.out, 1, 0.0, 0.0
gooberfat.out, 1, 0.0, 0.0
creyeveryday.out, 1, 0.0, 0.0
justjinu.out, 1, 0.0, 0.0
eStudioWerk.out, 1, 0.0, 0.0
KHanagumi.out, 1, 0.0, 0.0
BPlayMag.out, 1, 0.0, 0.0
photo_cj.out, 1, 0.0, 0.0
yokohama_hossy.out, 1, 0.0, 0.0
EdValenzMEd.out, 1, 0.0, 0.0
Androlizer.out, 1, 0.0, 0.0
Gospel_254.out, 1, 0.0, 0.0
msiaoutlook.out, 1, 0.0, 0.0
abeer1249413909.out, 1, 0.0, 0.0
FubsyShabaroon.out, 1, 0.0, 0.0
AzeemAhmed8.out, 1, 0.0, 0.0
jeepinheiro_.out, 1, 0.0, 0.0
0beseninja.out, 1, 0.0, 0.0
oklegacy.out, 4, 0.0, 0.0
rimeveguko.out, 1, 0.0, 0.0
slickmiiick.out, 1, 0.0, 0.0
mimi130.out, 1, 0.0, 0.0
cieeeerraaa.out, 1, 0.0, 0.0
yout_95.out, 1, 0.0, 0.0
thatdarndesha.out, 1, 0.0, 0.0
rachitshah42.out, 1, 0.0, 0.0
delacosta0.out, 1, 0.0, 0.0
ferriol_gale.out, 1, 0.0, 0.0
punkcr.out, 1, 0.0, 0.0
Hamad_a_Hazmi.out, 1, 0.0, 0.0
BEIKimco.out, 1, 0.0, 0.0
okeriih.out, 1, 0.0, 0.0
azureanimator.out, 1, 0.0, 0.0
kiminonaw358007.out, 1, 0.0, 0.0
youngdamo4.out, 1, 0.0, 0.0
selfshotgq.out, 1, 0.0, 0.0
leahanneta.out, 1, 0.0, 0.0
JustChillJuJu.out, 1, 0.0, 0.0
shurikenfaire.out, 1, 0.0, 0.0
EntrepreneursJr.out, 1, 0.0, 0.0
FcJndsd.out, 1, 0.0, 0.0
d19arte.out, 1, 0.0, 0.0
chrisifg.out, 1, 0.0, 0.0
alamri553.out, 1, 0.0, 0.0
Joibandong.out, 1, 0.0, 0.0
spicy_drama.out, 1, 0.0, 0.0
troothmonstah.out, 1, 0.0, 0.0
IvanLugo_.out, 1, 0.0, 0.0
illr0ilR.out, 1, 0.0, 0.0
hspaulds.out, 3, 0.144444444444, 0.688888888889
BabeJustina.out, 1, 0.0, 0.0
Boothie68.out, 1, 0.0, 0.0
indiedevsunite.out, 1, 0.0, 0.0
pinkyfaye.out, 1, 0.0, 0.0
AmerlinaK.out, 1, 0.0, 0.0
tjanai__.out, 1, 0.0, 0.0
BN_BEEN_.out, 1, 0.0, 0.0
newsko_com_ph.out, 1, 0.0, 0.0
kijana_whyte.out, 1, 0.0, 0.0
dontonos.out, 1, 0.0, 0.0
BovarysComplnt.out, 1, 0.0, 0.0
elahlawayah.out, 1, 0.0, 0.0
recipesprep.out, 1, 0.0, 0.0
FaceyFitzroy.out, 1, 0.0, 0.0
HijikataAmal.out, 1, 0.0, 0.0
clangrogan.out, 1, 0.0, 0.0
ANMationbot.out, 1, 0.0, 0.0
palemami.out, 1, 0.0, 0.0
maa6121.out, 1, 0.0, 0.0
Deealthaidi.out, 1, 0.0, 0.0
lanneaster.out, 1, 0.0, 0.0
CutshortHQ.out, 1, 0.0, 0.0
fkaLuna_.out, 1, 0.0, 0.0
a_k_l_l_v_l.out, 1, 0.0, 0.0
barbfeldon1.out, 1, 0.0, 0.0
letradoarmando1.out, 1, 0.0, 0.0
kaluagwu12.out, 1, 0.0, 0.0
rightnow6music.out, 1, 0.0, 0.0
yeinpeudda.out, 1, 0.0, 0.0
ittivip.out, 1, 0.0, 0.0
ChopFOA.out, 1, 0.0, 0.0
bh56jd921.out, 1, 0.0, 0.0
gracieexox.out, 1, 0.0, 0.0
ActivevoiceH.out, 1, 0.0, 0.0
BUBIBOYS.out, 1, 0.0, 0.0
phippahnkarn.out, 1, 0.0, 0.0
marahhh2g.out, 1, 0.0, 0.0
thebluejeanes.out, 1, 0.0, 0.0
yenobeshae_.out, 1, 0.0, 0.0
Isabellniky.out, 1, 0.0, 0.0
carlaho15238423.out, 2, -0.166666666667, 0.366666666667
2Dfaggot.out, 1, 0.0, 0.0
ewaverly7.out, 2, 0.2, 0.2
AhmadVoshagh.out, 1, 0.0, 0.0
guiItykissed.out, 1, 0.0, 0.0
lexaeee__.out, 1, 0.0, 0.0
ayyetai.out, 1, 0.0, 0.0
ClassicFordCars.out, 1, 0.0, 0.0
dobriensrapp.out, 1, 0.0, 0.0
jayfrom88.out, 1, 0.0, 0.0
IsmellbigFARTS.out, 1, 0.0, 0.0
_SkyLip.out, 1, 0.0, 0.0
CarmenTaylorz.out, 1, 0.0, 0.0
sxenbjxnwck1.out, 1, 0.0, 0.0
usasan63.out, 1, 0.0, 0.0
FunesAime.out, 1, 0.0, 0.0
Heyimjalen.out, 1, 0.0, 0.0
khcsportsman85.out, 1, 0.0, 0.0
aninos_.out, 1, 0.0, 0.0
JoeCash78.out, 1, 0.0, 0.0
__MIKA_JGSK.out, 1, 0.0, 0.0
DavidWeingust.out, 3, 0.7, 0.75
ynisne.out, 1, 0.0, 0.0
BriteEyes8.out, 1, 0.0, 0.0
HaiselAshraf.out, 1, 0.0, 0.0
DudeSlater.out, 2, 0.0, 0.0
kousuke_DCDB.out, 1, 0.0, 0.0
bitcheslovelucy.out, 1, 0.0, 0.0
mghz3.out, 1, 0.0, 0.0
felixfsantistev.out, 1, 0.0, 0.0
ritaafs11.out, 1, 0.0, 0.0
Gear__Box.out, 1, 0.0, 0.0
_books16.out, 1, 0.0, 0.0
AdheleidSalvat1.out, 1, 0.0, 0.0
davo_iguodala.out, 1, 0.0, 0.0
AdOre_Shay.out, 1, 0.0, 0.0
kaboo_factory.out, 1, 0.0, 0.0
hasasha_e.out, 1, 0.0, 0.0
treaty_au.out, 1, 0.0, 0.0
Jimmy2Toes_.out, 1, 0.0, 0.0
mixedships.out, 1, 0.0, 0.0
jeanxmh.out, 1, 0.0, 0.0
4evrstardancer.out, 1, 0.0, 0.0
tcallenrobert33.out, 2, -0.4, 0.6
eazzz_e.out, 1, 0.0, 0.0
AyeBJNumeroUno.out, 1, 0.0, 0.0
1993Haajar.out, 1, 0.0, 0.0
Bvb416.out, 1, 0.0, 0.0
yyokkygwen.out, 1, 0.0, 0.0
wowscasino.out, 2, -0.5, 1.0
Darren_Fewins.out, 1, 0.0, 0.0
s_almslmani.out, 1, 0.0, 0.0
boogiesworld1.out, 1, 0.0, 0.0
tybrokesign.out, 1, 0.0, 0.0
AnatomyMer93.out, 1, 0.0, 0.0
Buck_Around.out, 1, 0.0, 0.0
ArcaneChampion.out, 1, 0.0, 0.0
JamieFox41.out, 1, 0.0, 0.0
jeolladochurro.out, 1, 0.0, 0.0
bigdaddyhelga.out, 1, 0.0, 0.0
mustafaRadwan13.out, 1, 0.0, 0.0
Jung_Hadi.out, 1, 0.0, 0.0
anathemamelia.out, 1, 0.0, 0.0
alanistaliia.out, 1, 0.0, 0.0
ERuibarbo.out, 1, 0.0, 0.0
CommonsBot.out, 1, 0.0, 0.0
pradeepkulal123.out, 1, 0.0, 0.0
alen_luciana.out, 1, 0.0, 0.0
cgnetwork.out, 2, 0.0, 0.0
topdogshares.out, 1, 0.0, 0.0
prkgmn.out, 1, 0.0, 0.0
Denego_.out, 1, 0.0, 0.0
eddtjgdhfv1.out, 1, 0.0, 0.0
pirulintae.out, 1, 0.0, 0.0
HossamNubian.out, 1, 0.0, 0.0
suckingham.out, 1, 0.0, 0.0
a_lutacontinua.out, 1, 0.0, 0.0
saudiIeague.out, 1, 0.0, 0.0
bagelburrito.out, 1, 0.0, 0.0
AnthonySonito10.out, 1, 0.0, 0.0
Dark_ArrowDCU.out, 1, 0.0, 0.0
cmwheatley56.out, 1, 0.0, 0.0
maduras75.out, 1, 0.0, 0.0
5Lirez.out, 1, 0.0, 0.0
ondoruragitan.out, 1, 0.0, 0.0
alanahoff144.out, 1, 0.0, 0.0
tora2m.out, 1, 0.0, 0.0
vanillers.out, 1, 0.0, 0.0
iHeartTrending.out, 1, 0.0, 0.0
qxnammun.out, 1, 0.0, 0.0
jazz_onair.out, 1, 0.0, 0.0
70s90s_JStream.out, 1, 0.0, 0.0
macresslernews.out, 1, 0.0, 0.0
leighaa35.out, 1, 0.0, 0.0
chaloillust.out, 1, 0.0, 0.0
adtuvdt457.out, 1, 0.0, 0.0
smoaknswan.out, 1, 0.0, 0.0
publicradionerd.out, 2, 0.5, 0.5
electromeriadoc.out, 1, 0.0, 0.0
coffindance.out, 1, 0.0, 0.0
donutgleesun.out, 1, 0.0, 0.0
Dr_Duraibi.out, 1, 0.0, 0.0
CarrollRory.out, 1, 0.0, 0.0
armamascarinas.out, 1, 0.0, 0.0
jizzle701.out, 1, 0.0, 0.0
AllTexasVinyl.out, 1, 0.0, 0.0
Just_One_Take.out, 1, 0.0, 0.0
BothraPri.out, 1, 0.0, 0.0
_tierram.out, 1, 0.0, 0.0
yourhdporn.out, 1, 0.0, 0.0
lallullila.out, 1, 0.0, 0.0
pebawards.out, 1, 0.0, 0.0
Bayadar_ab.out, 1, 0.0, 0.0
DriveThruYou.out, 1, 0.0, 0.0
eli777thebest.out, 1, 0.0, 0.0
animperialmarch.out, 1, 0.0, 0.0
FoodIndResource.out, 1, 0.0, 0.0
Karen18Austen.out, 1, 0.0, 0.0
English_Likes.out, 1, 0.0, 0.0
fsupercar980.out, 1, 0.0, 0.0
realVlonely.out, 1, 0.0, 0.0
kittykhads.out, 1, 0.0, 0.0
_jay_zz.out, 1, 0.0, 0.0
kinknakeun.out, 1, 0.0, 0.0
_notDvttjen.out, 1, 0.0, 0.0
podesta_email.out, 4, 0.136363636364, 0.454545454545
ksantooos.out, 2, 0.0, 0.0
lakarli08.out, 1, 0.0, 0.0
toastjobs.out, 1, 0.0, 0.0
jelenapepitone.out, 1, 0.0, 0.0
FaNebula.out, 1, 0.0, 0.0
zhoupunky.out, 1, 0.0, 0.0
BHULLAR_22_.out, 1, 0.0, 0.0
hugohernaandez.out, 1, 0.0, 0.0
ALDUBMATTERS.out, 1, 0.0, 0.0
xbveridlv.out, 1, 0.0, 0.0
ChiefJerm.out, 1, 0.0, 0.0
punamChoudhar12.out, 1, 0.0, 0.0
Cut33ssay.out, 1, 0.0, 0.0
iorin_bot_.out, 1, 0.0, 0.0
Basheezus.out, 1, 0.0, 0.0
AKAKing__.out, 1, 0.0, 0.0
busybee27502.out, 1, 0.0, 0.0
jeffgreco.out, 1, 0.0, 0.0
prow_purupuru.out, 1, 0.0, 0.0
tapthatbutera.out, 1, 0.0, 0.0
BLACKPINK_LIZA.out, 1, 0.0, 0.0
faustendo.out, 1, 0.0, 0.0
titodinzey.out, 1, 0.0, 0.0
maarcos_go.out, 1, 0.0, 0.0
deantrbl21.out, 1, 0.0, 0.0
witnessphiIkas.out, 1, 0.0, 0.0
CaratBRA.out, 1, 0.0, 0.0
wixsonstyles.out, 1, 0.0, 0.0
IliesYNadaMas.out, 1, 0.0, 0.0
mollendowski.out, 1, 0.0, 0.0
nurhazly.out, 1, 0.0, 0.0
ddqddd12.out, 1, 0.0, 0.0
DJJABTICS.out, 1, 0.0, 0.0
cheyanne1021.out, 1, 0.0, 0.0
knowledgelost.out, 1, 0.0, 0.0
FANFAN90S.out, 1, 0.0, 0.0
ptrcnn_grc.out, 1, 0.0, 0.0
BTSthe7legends.out, 1, 0.0, 0.0
abrams_doug.out, 1, 0.0, 0.0
pammmaq_.out, 1, 0.0, 0.0
eliseeyamba27.out, 1, 0.0, 0.0
coltbardosing11.out, 1, 0.0, 0.0
spinfreezone.out, 1, 0.0, 0.0
dvdexe.out, 1, 0.0, 0.0
modernishmommas.out, 1, 0.0, 0.0
JayWinterr.out, 1, 0.0, 0.0
snarkyRedhd.out, 1, 0.0, 0.0
ChesterfieldIs.out, 1, 0.0, 0.0
love972live.out, 1, 0.0, 0.0
yama_pi_9110.out, 1, 0.0, 0.0
clariiicatura.out, 1, 0.0, 0.0
IAmWeddings.out, 1, 0.0, 0.0
collins_nickole.out, 1, 0.0, 0.0
jiminhyyh.out, 1, 0.0, 0.0
deniega_grace.out, 1, 0.0, 0.0
aniapur_.out, 1, 0.0, 0.0
_kaynicc.out, 1, 0.0, 0.0
Chupaimos.out, 1, 0.0, 0.0
Blossum_L.out, 1, 0.0, 0.0
trblwang.out, 1, 0.0, 0.0
a7mad_qasem.out, 1, 0.0, 0.0
GalinaP_KSHUB.out, 1, 0.0, 0.0
syobo_n2.out, 1, 0.0, 0.0
1957AJB.out, 1, 0.0, 0.0
tayLOVEjones.out, 1, 0.0, 0.0
seasolshades.out, 1, 0.0, 0.0
jestscy11.out, 2, 0.0, 0.0
ComatoseSosa.out, 1, 0.0, 0.0
yosomaka7.out, 1, 0.0, 0.0
CVLibrarySales.out, 1, 0.0, 0.0
neck_fxkingdeep.out, 1, 0.0, 0.0
angelxfall.out, 1, 0.0, 0.0
CybersMonday.out, 1, 0.0, 0.0
Girl_Too97.out, 1, 0.0, 0.0
DawnSwe12515208.out, 1, 0.0, 0.0
tamisheree.out, 1, 0.0, 0.0
vidyadevi800.out, 1, 0.0, 0.0
vegas870.out, 2, 0.0, 0.0
AmorDeChinos.out, 1, 0.0, 0.0
ESyyohula.out, 1, 0.0, 0.0
himeroad.out, 1, 0.0, 0.0
cheolstice.out, 1, 0.0, 0.0
joohngin.out, 1, 0.0, 0.0
cunningham_cch.out, 1, 0.0, 0.0
ffyqa.out, 1, 0.0, 0.0
mika_gx.out, 1, 0.0, 0.0
tips_security.out, 1, 0.0, 0.0
gmailmemads.out, 1, 0.0, 0.0
zearned.out, 1, 0.0, 0.0
Cieloza.out, 1, 0.0, 0.0
DoverCR.out, 1, 0.0, 0.0
Cadbury88Hazel.out, 1, 0.0, 0.0
Bizzeebobber.out, 1, 0.0, 0.0
rvparkjoyi.out, 1, 0.0, 0.0
lojin7__13.out, 1, 0.0, 0.0
BreathtakingBTS.out, 1, 0.0, 0.0
negaonce.out, 1, 0.0, 0.0
enews.out, 1, 0.0, 0.0
desty_des_.out, 1, 0.0, 0.0
yardlinkradio.out, 1, 0.0, 0.0
_maryomi_88.out, 1, 0.0, 0.0
cesarslaysall.out, 1, 0.0, 0.0
daegustdd.out, 1, 0.0, 0.0
twelve_fiftyone.out, 1, 0.0, 0.0
peachtagon.out, 1, 0.0, 0.0
ebumaa.out, 1, 0.0, 0.0
HYPNOTICSUGGEST.out, 1, 0.0, 0.0
andrewbguy.out, 1, 0.0, 0.0
judethomas21.out, 1, 0.0, 0.0
heey_camiz.out, 1, 0.0, 0.0
lhongbeans_.out, 1, 0.0, 0.0
FieldRoamer.out, 1, 0.0, 0.0
greenlightsUK.out, 1, 0.0, 0.0
beyxalex.out, 1, 0.0, 0.0
Hopey_70.out, 4, 0.0793650793651, 0.464920634921
kyo_kyo1225.out, 1, 0.0, 0.0
EmpressBash.out, 1, 0.0, 0.0
freudianskippy.out, 1, 0.0, 0.0
_mkillv.out, 1, 0.0, 0.0
GourmetRayA.out, 1, 0.0, 0.0
_LilTaaay.out, 1, 0.0, 0.0
ironichat.out, 1, 0.0, 0.0
elgzali.out, 1, 0.0, 0.0
BABIEXOO.out, 1, 0.0, 0.0
akbarchpani.out, 1, 0.0, 0.0
EarthRoverBot.out, 1, 0.0, 0.0
nhanntdt.out, 1, 0.0, 0.0
therealwombat1.out, 1, 0.0, 0.0
Charito_13579.out, 1, 0.0, 0.0
mj_new_cd.out, 1, 0.0, 0.0
realJamesD1.out, 2, -0.0333333333333, 0.533333333333
ArsenalJives.out, 1, 0.0, 0.0
__Airi_TTK.out, 1, 0.0, 0.0
__KIRARI_MRBS.out, 1, 0.0, 0.0
rileywheelers.out, 1, 0.0, 0.0
rubiusxcamila.out, 1, 0.0, 0.0
Haych_K.out, 1, 0.0, 0.0
pleighboii.out, 1, 0.0, 0.0
trstydotcom.out, 1, 0.0, 0.0
CorbinRowan.out, 1, 0.0, 0.0
deadchilljacky.out, 1, 0.0, 0.0
batnath.out, 1, 0.0, 0.0
CheerleadingFor.out, 1, 0.0, 0.0
CaroleShashona.out, 1, 0.0, 0.0
movenergy2.out, 1, 0.0, 0.0
JayStovee.out, 1, 0.0, 0.0
monroemrly.out, 1, 0.0, 0.0
producedbyzico.out, 1, 0.0, 0.0
txbvtharsf.out, 1, 0.0, 0.0
bobthatback01.out, 1, 0.0, 0.0
eikadilah.out, 1, 0.0, 0.0
JoanLSoler.out, 1, 0.0, 0.0
theylovesoph.out, 1, 0.0, 0.0
AmeriFirstTech.out, 1, 0.0, 0.0
Android_Updates.out, 1, 0.0, 0.0
InfoVideo11.out, 2, 0.0, 0.0
semsmahany155.out, 1, 0.0, 0.0
kingsugga.out, 1, 0.0, 0.0
mahafotografics.out, 1, 0.0, 0.0
_nxxcole.out, 1, 0.0, 0.0
Jennife25483821.out, 1, 0.0, 0.0
ialexanicole.out, 1, 0.0, 0.0
prmth.out, 1, 0.0, 0.0
jeydonbby.out, 1, 0.0, 0.0
xbliss2.out, 1, 0.0, 0.0
nur_syazwani13.out, 1, 0.0, 0.0
BridalShuttle.out, 1, 0.0, 0.0
BecksterCorgiMT.out, 1, 0.0, 0.0
unbotheredb.out, 1, 0.0, 0.0
l3rd4s0y.out, 1, 0.0, 0.0
Ebuzznet.out, 1, 0.0, 0.0
ctone31.out, 1, 0.0, 0.0
jmoswanbucks.out, 1, 0.0, 0.0
txmvsg.out, 1, 0.0, 0.0
neuropuff.out, 1, 0.0, 0.0
aki0125s.out, 1, 0.0, 0.0
motivationhqnet.out, 1, 0.0, 0.0
DLCVTAmedia.out, 1, 0.0, 0.0
carielesviolet2.out, 1, 0.0, 0.0
lyjeix4.out, 1, 0.0, 0.0
C_wall3.out, 1, 0.0, 0.0
marksgyeom.out, 1, 0.0, 0.0
lizzza99xx.out, 1, 0.0, 0.0
DealGenies.out, 1, 0.0, 0.0
seorceryy.out, 1, 0.0, 0.0
nguyennameng.out, 1, 0.0, 0.0
Casper10666.out, 1, 0.0, 0.0
selmohassan.out, 1, 0.0, 0.0
helloitsmebat.out, 1, 0.0, 0.0
48kaigai.out, 1, 0.0, 0.0
myzgkni.out, 1, 0.0, 0.0
965ksom.out, 1, 0.0, 0.0
bra_dean.out, 1, 0.0, 0.0
zhjieqyong.out, 1, 0.0, 0.0
giveawayblump.out, 1, 0.0, 0.0
hankstserdude56.out, 1, 0.0, 0.0
giriception.out, 1, 0.0, 0.0
tiachanele.out, 1, 0.0, 0.0
lorraine4trump.out, 1, 0.0, 0.0
ColorMeLeyah.out, 1, 0.0, 0.0
brightonhovenow.out, 1, 0.0, 0.0
bigpapasmurf16.out, 1, 0.0, 0.0
medicalbook1.out, 1, 0.0, 0.0
Chindogg21.out, 1, 0.0, 0.0
CrackCareerCode.out, 1, 0.0, 0.0
jp2112rush2.out, 1, 0.0, 0.0
idealist.out, 1, 0.0, 0.0
mannreagan.out, 5, -0.321428571429, 0.754761904762
238BEATS.out, 1, 0.0, 0.0
glassyelegance.out, 2, 0.133333333333, 0.2
emmamathe.out, 1, 0.0, 0.0
rolikn1.out, 1, 0.0, 0.0
DereknMarkFans.out, 1, 0.0, 0.0
whaulien.out, 1, 0.0, 0.0
kooieyourpretty.out, 1, 0.0, 0.0
Dipu4700.out, 1, 0.0, 0.0
feministuan.out, 1, 0.0, 0.0
coach_jaylarry.out, 1, 0.0, 0.0
Elizabeth71030.out, 1, 0.0, 0.0
GeziciHaber.out, 1, 0.0, 0.0
Jeffs_Wife_1.out, 1, 0.0, 0.0
cm675.out, 1, 0.0, 0.0
ironnmann3.out, 1, 0.0, 0.0
ChickSoBAD.out, 1, 0.0, 0.0
scoutbuck_.out, 1, 0.0, 0.0
a_tal_ruiva.out, 1, 0.0, 0.0
iinderz.out, 1, 0.0, 0.0
hgmerqury.out, 1, 0.0, 0.0
frankieBll.out, 4, -0.15, 0.05
le__outsider.out, 1, 0.0, 0.0
kookievgue.out, 1, 0.0, 0.0
remrin020202.out, 1, 0.0, 0.0
GeekJimiLee.out, 1, 0.0, 0.0
miasimone97.out, 1, 0.0, 0.0
swaggymk_.out, 1, 0.0, 0.0
iamrae1989.out, 1, 0.0, 0.0
swainresolves1.out, 1, 0.0, 0.0
Farhanah__.out, 1, 0.0, 0.0
laffertyslady.out, 1, 0.0, 0.0
alluringashleyy.out, 1, 0.0, 0.0
ygkilo_.out, 1, 0.0, 0.0
takeopariu_.out, 1, 0.0, 0.0
IntegroBroking.out, 1, 0.0, 0.0
loopx3.out, 1, 0.0, 0.0
yalgaarmateen.out, 1, 0.0, 0.0
omgkyy.out, 1, 0.0, 0.0
Creeper_9618.out, 1, 0.0, 0.0
irbis2009.out, 1, 0.0, 0.0
A1babez.out, 1, 0.0, 0.0
wdaza.out, 1, 0.0, 0.0
makiaa__.out, 1, 0.0, 0.0
chijiokebiafra4.out, 1, 0.0, 0.0
sorayasaikal.out, 1, 0.0, 0.0
avinaba_mitra.out, 1, 0.0, 0.0
DretodiWurl.out, 1, 0.0, 0.0
velvetschoi.out, 1, 0.0, 0.0
rao0onh.out, 1, 0.0, 0.0
merce_blitz.out, 1, 0.0, 0.0
gravitypriest.out, 1, 0.0, 0.0
elie_df.out, 1, 0.0, 0.0
DelgadoCrizelle.out, 1, 0.0, 0.0
_Fra_______.out, 1, 0.0, 0.0
lanamanaii.out, 1, 0.0, 0.0
CSarunrat.out, 1, 0.0, 0.0
CindyLSchroeder.out, 1, 0.0, 0.0
lallicea.out, 1, 0.0, 0.0
g83Apps.out, 1, 0.0, 0.0
bbbygoo.out, 1, 0.0, 0.0
JimmyLawrence20.out, 4, -0.258333333333, 0.461111111111
seungwanshon.out, 1, 0.0, 0.0
CHANGEURPOSTURE.out, 1, 0.0, 0.0
FRaphael.out, 1, 0.0, 0.0
conchapelarodri.out, 1, 0.0, 0.0
Jamie_McMurray_.out, 2, 0.0, 0.0
AliaBhatt_NEWS.out, 1, 0.0, 0.0
king_kam23.out, 1, 0.0, 0.0
ffxxnionss.out, 1, 0.0, 0.0
maicha1123.out, 1, 0.0, 0.0
pxrspxctivex.out, 1, 0.0, 0.0
noisenoise.out, 1, 0.0, 0.0
keishmarie.out, 1, 0.0, 0.0
Freebdsmdating.out, 1, 0.0, 0.0
j76q8.out, 1, 0.0, 0.0
bostonnewslocal.out, 1, 0.0, 0.0
60_omar.out, 1, 0.0, 0.0
reemy_13t.out, 1, 0.0, 0.0
AlphaCaelum45.out, 1, 0.0, 0.0
spudahoi90.out, 2, 0.0, 0.0
shadyovoid.out, 1, 0.0, 0.0
inboundbiztips.out, 1, 0.0, 0.0
q8_man35.out, 1, 0.0, 0.0
davidchiarelli.out, 1, 0.0, 0.0
eFinancialModel.out, 1, 0.0, 0.0
nightwolf892.out, 1, 0.0, 0.0
callisto_a.out, 1, 0.0, 0.0
chocolatesRblue.out, 1, 0.0, 0.0
neithtextiles.out, 1, 0.0, 0.0
p_chawla23.out, 1, 0.0, 0.0
loidasweet.out, 1, 0.0, 0.0
Bckrda.out, 4, -0.125, 0.666666666667
dawn_rich77.out, 1, 0.0, 0.0
ibsalama.out, 1, 0.0, 0.0
joemohamed88.out, 1, 0.0, 0.0
Anonymous_API.out, 1, 0.0, 0.0
bellarke_news.out, 1, 0.0, 0.0
jennnaaaahhh.out, 1, 0.0, 0.0
FutbolAlarcon.out, 1, 0.0, 0.0
mazyunh_shamry_.out, 1, 0.0, 0.0
DontDrugUse.out, 1, 0.0, 0.0
excursioperon.out, 1, 0.0, 0.0
kerrimccalll.out, 1, 0.0, 0.0
aguapapiii.out, 1, 0.0, 0.0
waitingfor2017.out, 1, 0.0, 0.0
usacuracao.out, 1, 0.0, 0.0
BIGBANG7230.out, 1, 0.0, 0.0
catorwebradio.out, 1, 0.0, 0.0
sajithkiran2.out, 1, 0.0, 0.0
opoku_isaac.out, 1, 0.0, 0.0
cherylswenson.out, 2, 0.5, 0.5
ipjuvzswxyaq1.out, 1, 0.0, 0.0
chasing_theJETS.out, 1, 0.0, 0.0
un_diverted.out, 1, 0.0, 0.0
HenryBLowery.out, 2, 0.6, 0.9
Flu_Amor_Eterno.out, 1, 0.0, 0.0
_jeovanytello_.out, 1, 0.0, 0.0
healthfitnessb4.out, 1, 0.0, 0.0
Fortune_Bet99.out, 1, 0.0, 0.0
sameer_polonium.out, 1, 0.0, 0.0
FloridaBedBug.out, 1, 0.0, 0.0
cianguin.out, 1, 0.0, 0.0
keytAnp.out, 1, 0.0, 0.0
designprofiles.out, 1, 0.0, 0.0
GuptaMohona.out, 1, 0.0, 0.0
ohsehunieie.out, 1, 0.0, 0.0
ibxvz.out, 1, 0.0, 0.0
remusjIupin.out, 1, 0.0, 0.0
sami_f777.out, 1, 0.0, 0.0
syafeeqKL.out, 1, 0.0, 0.0
nxrzsqhmbsjgwl1.out, 1, 0.0, 0.0
DrunkTaehyung.out, 1, 0.0, 0.0
nihiltimoris.out, 1, 0.0, 0.0
beosow.out, 1, 0.0, 0.0
trendy_girl_toy.out, 1, 0.0, 0.0
iraaahazmi.out, 1, 0.0, 0.0
junkettelove.out, 1, 0.0, 0.0
IceSeason101.out, 1, 0.0, 0.0
oranus786.out, 1, 0.0, 0.0
lizagarciaDC.out, 1, 0.0, 0.0
crazymom50.out, 1, 0.0, 0.0
21i_x.out, 1, 0.0, 0.0
thatniggajonne.out, 1, 0.0, 0.0
baygui.out, 1, 0.0, 0.0
wishmaster_nl.out, 1, 0.0, 0.0
danyelledrexler.out, 1, 0.0, 0.0
BoogWinchester.out, 1, 0.0, 0.0
AndrewMitchmax3.out, 1, 0.0, 0.0
Deelishis_Dee.out, 1, 0.0, 0.0
BrentsGirl4Life.out, 1, 0.0, 0.0
dd1mhm.out, 1, 0.0, 0.0
nattylexx.out, 1, 0.0, 0.0
HarperLk.out, 1, 0.0, 0.0
reefgettinpaper.out, 1, 0.0, 0.0
ayluskrypka.out, 1, 0.0, 0.0
Chamayarai.out, 1, 0.0, 0.0
dmatkins137.out, 2, 0.0, 0.266666666667
soaprookie.out, 1, 0.0, 0.0
pecunium.out, 2, 0.1, 1.0
Jamal32alotaiby.out, 1, 0.0, 0.0
BalrogDe.out, 1, 0.0, 0.0
footballvlogr.out, 1, 0.0, 0.0
zeroichi0420.out, 1, 0.0, 0.0
astoldby_shy.out, 1, 0.0, 0.0
GG1725.out, 2, 0.8, 0.9
sh_hbn.out, 1, 0.0, 0.0
ChrisJeffries24.out, 1, 0.0, 0.0
hi7777sham1.out, 1, 0.0, 0.0
godlikedms.out, 1, 0.0, 0.0
anyaccrazon.out, 1, 0.0, 0.0
tym2g3thi.out, 1, 0.0, 0.0
fiiish0524jiro.out, 1, 0.0, 0.0
luv_boricua.out, 1, 0.0, 0.0
thenewsosso.out, 1, 0.0, 0.0
hackedmotionart.out, 1, 0.0, 0.0
zyunnkyuu600.out, 1, 0.0, 0.0
_Iogan.out, 1, 0.0, 0.0
Ignorantnetsfan.out, 1, 0.0, 0.0
Jeffreymarkv.out, 1, 0.0, 0.0
ImAbhiM.out, 1, 0.0, 0.0
iKobby_.out, 1, 0.0, 0.0
lyricdumpster.out, 1, 0.0, 0.0
DuffJuice31.out, 1, 0.0, 0.0
atilladenizc.out, 1, 0.0, 0.0
A_gbu_na.out, 1, 0.0, 0.0
born2hareb.out, 1, 0.0, 0.0
out_RAE_jus.out, 1, 0.0, 0.0
breaduck.out, 1, 0.0, 0.0
meena7099.out, 1, 0.0, 0.0
imdoodlelyn.out, 1, 0.0, 0.0
curewhip.out, 1, 0.0, 0.0
BHTruth.out, 1, 0.0, 0.0
GuillermBianchi.out, 1, 0.0, 0.0
EncantoShine.out, 1, 0.0, 0.0
democracyfloss1.out, 2, 0.4, 0.238461538462
kseniya9582.out, 1, 0.0, 0.0
fvck_failure.out, 1, 0.0, 0.0
futebol_now.out, 1, 0.0, 0.0
yosharing.out, 1, 0.0, 0.0
souravshakti.out, 1, 0.0, 0.0
Brian51207316.out, 2, 0.283333333333, 0.541666666667
johnny3Ko.out, 2, -0.525, 0.555555555556
kim_sunisar.out, 1, 0.0, 0.0
Disastrolizer.out, 1, 0.0, 0.0
doni_eLL.out, 1, 0.0, 0.0
Drake_UTAU.out, 1, 0.0, 0.0
susanlunenburg.out, 1, 0.0, 0.0
trollprincess.out, 1, 0.0, 0.0
hayoungtamdax.out, 1, 0.0, 0.0
aljhon_padilla.out, 1, 0.0, 0.0
gabbyfederick.out, 1, 0.0, 0.0
_itz_kaz.out, 1, 0.0, 0.0
lanalouuu.out, 1, 0.0, 0.0
shreyaax_.out, 1, 0.0, 0.0
sunshinebrina.out, 1, 0.0, 0.0
KENN_Guraha.out, 1, 0.0, 0.0
rgo2524.out, 1, 0.0, 0.0
uncreativecat.out, 1, 0.0, 0.0
saucekingtae.out, 1, 0.0, 0.0
nsrmaasr.out, 1, 0.0, 0.0
sunqhwas.out, 1, 0.0, 0.0
cosecdisorder.out, 1, 0.0, 0.0
pelumiogunsami.out, 1, 0.0, 0.0
ice21ym.out, 1, 0.0, 0.0
Fausto_Enrique.out, 2, 0.2, 0.2
AlexisWaverider.out, 1, 0.0, 0.0
bultaegi.out, 1, 0.0, 0.0
Chem_Umi.out, 1, 0.0, 0.0
magneto594.out, 1, 0.0, 0.0
ArcaneStylez.out, 1, 0.0, 0.0
kmhiyo.out, 1, 0.0, 0.0
mstrashheap.out, 3, 0.0, 0.0
ceek_world.out, 1, 0.0, 0.0
catalishus2.out, 1, 0.0, 0.0
wrotae.out, 1, 0.0, 0.0
_ujj_.out, 1, 0.0, 0.0
amateurcamslut.out, 1, 0.0, 0.0
scientistolizer.out, 1, 0.0, 0.0
meddy52.out, 1, 0.0, 0.0
ambuuuuh.out, 1, 0.0, 0.0
Brenly_89.out, 1, 0.0, 0.0
HussianR.out, 1, 0.0, 0.0
DailySpider54.out, 1, 0.0, 0.0
yaguara2299.out, 1, 0.0, 0.0
First_17.out, 1, 0.0, 0.0
travelmoneyfind.out, 1, 0.0, 0.0
sackgirllilkay.out, 1, 0.0, 0.0
scottoying.out, 1, 0.0, 0.0
enjoynewvideos.out, 1, 0.0, 0.0
lushixun_.out, 1, 0.0, 0.0
CoutureService.out, 1, 0.0, 0.0
sendysatrio.out, 1, 0.0, 0.0
ohheyitspeytonn.out, 1, 0.0, 0.0
xBlxcky.out, 1, 0.0, 0.0
asyadirakd.out, 1, 0.0, 0.0
stuffbaldwin.out, 1, 0.0, 0.0
BobOatesSewer.out, 1, 0.0, 0.0
marccold.out, 1, 0.0, 0.0
weaveplanet.out, 1, 0.0, 0.0
kthdrw.out, 1, 0.0, 0.0
kimholland5.out, 1, 0.0, 0.0
kanoelaanzz.out, 1, 0.0, 0.0
IntechraHealth.out, 1, 0.0, 0.0
AllHitRemixes.out, 1, 0.0, 0.0
FeistyMama51.out, 1, 0.0, 0.0
AgapitoAlly.out, 1, 0.0, 0.0
john_putter.out, 2, 0.2, 0.294444444444
haIocline.out, 1, 0.0, 0.0
AshaLamba.out, 1, 0.0, 0.0
mwbrown51358.out, 2, 0.0, 0.0
HongbinHasWings.out, 1, 0.0, 0.0
yameruidol.out, 1, 0.0, 0.0
gloyaltydee_.out, 1, 0.0, 0.0
axlslash77.out, 1, 0.0, 0.0
nancyherman59.out, 1, 0.0, 0.0
rebelblack213.out, 1, 0.0, 0.0
youth_k_kicks58.out, 1, 0.0, 0.0
xHowRudex.out, 1, 0.0, 0.0
cvfeinv.out, 1, 0.0, 0.0
Hannah_Gaber.out, 1, 0.0, 0.0
GlobalNewsMe2.out, 1, 0.0, 0.0
jnstransport.out, 1, 0.0, 0.0
unequalmarriage.out, 1, 0.0, 0.0
BalouchN2.out, 1, 0.0, 0.0
baoozislz.out, 1, 0.0, 0.0
nct_doyoungg.out, 1, 0.0, 0.0
ALDENPhRizal.out, 1, 0.0, 0.0
BenMontero36.out, 1, 0.0, 0.0
hombremagdalena.out, 1, 0.0, 0.0
heroesreallife1.out, 1, 0.0, 0.0
medok4000.out, 1, 0.0, 0.0
bhatiasachin.out, 1, 0.0, 0.0
bearbatove.out, 1, 0.0, 0.0
hollymeredith9.out, 1, 0.0, 0.0
Dhillon2888.out, 1, 0.0, 0.0
HarbertVicki.out, 3, 0.170454545455, 0.454545454545
Jamie_G13.out, 1, 0.0, 0.0
ChukkuNews.out, 1, 0.0, 0.0
goesonx.out, 1, 0.0, 0.0
AsukaSoryu_.out, 1, 0.0, 0.0
GulaboTheRose.out, 1, 0.0, 0.0
whostheidiotnow.out, 1, 0.0, 0.0
tudorrose16.out, 1, 0.0, 0.0
IPreferPi314.out, 2, 0.0, 0.0
FoxRn1.out, 1, 0.0, 0.0
JJByung95.out, 1, 0.0, 0.0
AP_ZeRooh.out, 1, 0.0, 0.0
Er_Shankar08.out, 1, 0.0, 0.0
adgetf.out, 1, 0.0, 0.0
Hilarityjane66.out, 1, 0.0, 0.0
thetruth111087.out, 1, 0.0, 0.0
bad_blade.out, 1, 0.0, 0.0
BOS_DealFinder.out, 1, 0.0, 0.0
kickbackfilmz.out, 1, 0.0, 0.0
HBeckalynn.out, 1, 0.0, 0.0
itsmemarioo.out, 1, 0.0, 0.0
qveennae3.out, 1, 0.0, 0.0
tajohnaa.out, 1, 0.0, 0.0
ATVS_JakeNazar.out, 1, 0.0, 0.0
sittirahmah.out, 1, 0.0, 0.0
womenwhorockWWR.out, 1, 0.0, 0.0
iiiiamJP.out, 1, 0.0, 0.0
natalieeeeee___.out, 1, 0.0, 0.0
icrradio.out, 1, 0.0, 0.0
jaiXari.out, 1, 0.0, 0.0
Darnellsaccount.out, 1, 0.0, 0.0
snacksinthehall.out, 1, 0.0, 0.0
naomi_lizabeth.out, 1, 0.0, 0.0
escnzaimifksiu2.out, 1, 0.0, 0.0
politicslies.out, 4, 0.5, 0.9
aya_omi3.out, 1, 0.0, 0.0
teamtopzy.out, 1, 0.0, 0.0
DreamscapeVac4U.out, 1, 0.0, 0.0
GayPeeFetish.out, 1, 0.0, 0.0
theblvckoreo_.out, 1, 0.0, 0.0
aflamandmore.out, 1, 0.0, 0.0
thefameprint.out, 1, 0.0, 0.0
nthnbutlegz.out, 1, 0.0, 0.0
karatius.out, 1, 0.0, 0.0
wsb_racing.out, 1, 0.0, 0.0
dekelley14.out, 3, -0.166666666667, 0.433333333333
kathxdeej26.out, 1, 0.0, 0.0
hatty1145.out, 1, 0.0, 0.0
zompire52.out, 1, 0.0, 0.0
GayPennPatriot.out, 1, 0.0, 0.0
rossivelaquino.out, 1, 0.0, 0.0
jebciebdkvbr.out, 1, 0.0, 0.0
DLTrunnell.out, 1, 0.0, 0.0
ewe4tech.out, 1, 0.0, 0.0
keroketefodas.out, 1, 0.0, 0.0
lq24k.out, 1, 0.0, 0.0
akhbarlelnasher.out, 1, 0.0, 0.0
tosakanaway.out, 1, 0.0, 0.0
_ilovebrandi.out, 1, 0.0, 0.0
mmayr5.out, 1, 0.0, 0.0
jeanRamette.out, 1, 0.0, 0.0
pakjeup.out, 1, 0.0, 0.0
05e10ea102004a6.out, 1, 0.0, 0.0
galinajoana.out, 1, 0.0, 0.0
twelftholdorf.out, 1, 0.0, 0.0
DDeodat.out, 1, 0.0, 0.0
BeerAlien.out, 1, 0.0, 0.0
dfravel.out, 1, 0.0, 0.0
gabby_elise1.out, 1, 0.0, 0.0
Gurpreet_Shrma.out, 1, 0.0, 0.0
dannymffl17.out, 1, 0.0, 0.0
anniroyal007.out, 1, 0.0, 0.0
w_q19.out, 1, 0.0, 0.0
cneezle_c.out, 1, 0.0, 0.0
real__pcyatm.out, 1, 0.0, 0.0
tmj_lax_health.out, 1, 0.0, 0.0
akconservative9.out, 2, 0.1, 0.4
lover_female.out, 1, 0.0, 0.0
hiddlestonazona.out, 1, 0.0, 0.0
AboSalem910.out, 1, 0.0, 0.0
laurmilangry.out, 1, 0.0, 0.0
APOLONIAPORN.out, 1, 0.0, 0.0
Archie_Bold.out, 1, 0.0, 0.0
aaprajatsharma0.out, 1, 0.0, 0.0
saskokid.out, 1, 0.0, 0.0
chrispunkquito.out, 1, 0.0, 0.0
clubfloozy.out, 2, 0.0, 0.0
1USNews.out, 1, 0.0, 0.0
c204r432_dau.out, 1, 0.0, 0.0
nekokat42.out, 1, 0.0, 0.0
tc_judd.out, 1, 0.0, 0.0
fatherxhobi.out, 1, 0.0, 0.0
lelebabe_ee.out, 1, 0.0, 0.0
sunbIasts.out, 1, 0.0, 0.0
babykay1013.out, 1, 0.0, 0.0
_missnher.out, 1, 0.0, 0.0
jjapknees.out, 1, 0.0, 0.0
olmsteadskippy.out, 1, 0.0, 0.0
tilostyln.out, 1, 0.0, 0.0
JamieWildRice.out, 1, 0.0, 0.0
asian2pornxxx.out, 1, 0.0, 0.0
iamAshlynSingh.out, 1, 0.0, 0.0
ultmingu.out, 1, 0.0, 0.0
BobDylanMusics.out, 1, 0.0, 0.0
ImSharmi7.out, 1, 0.0, 0.0
AveryNJesmer.out, 1, 0.0, 0.0
um_cvt.out, 1, 0.0, 0.0
FXinEffect1.out, 1, 0.0, 0.0
takahagi_k.out, 1, 0.0, 0.0
julianbarron.out, 1, 0.0, 0.0
Kailix_.out, 1, 0.0, 0.0
CKuturad.out, 1, 0.0, 0.0
ChinaSourceOrg.out, 1, 0.0, 0.0
saamoelsharief.out, 1, 0.0, 0.0
idbicbevbfl.out, 1, 0.0, 0.0
InductivoPia.out, 1, 0.0, 0.0
irlhannaa.out, 1, 0.0, 0.0
3NovicesChennai.out, 1, 0.0, 0.0
GlideLikeBoga.out, 1, 0.0, 0.0
asshoon.out, 1, 0.0, 0.0
_sahrr_.out, 1, 0.0, 0.0
gu_me143.out, 1, 0.0, 0.0
xcrystalmeth.out, 1, 0.0, 0.0
kickedinyo.out, 1, 0.0, 0.0
judith90293.out, 2, 0.0, 0.0
DMMadora.out, 2, -0.3, 0.4
momsenation.out, 1, 0.0, 0.0
bonnieblue719.out, 2, 0.05, 0.6
appleNewsIn.out, 1, 0.0, 0.0
EAGCharlesB.out, 1, 0.0, 0.0
lotusplaza.out, 1, 0.0, 0.0
DJWBOWEN.out, 1, 0.0, 0.0
sarabad222.out, 1, 0.0, 0.0
EhabAhmedZakii.out, 1, 0.0, 0.0
hlengy_margenta.out, 1, 0.0, 0.0
machikoimatome.out, 1, 0.0, 0.0
bvocado.out, 1, 0.0, 0.0
mellow_stace.out, 1, 0.0, 0.0
mistressjdoll.out, 1, 0.0, 0.0
seauxrude.out, 1, 0.0, 0.0
suway7.out, 1, 0.0, 0.0
sectest9.out, 1, 0.0, 0.0
doitforspifff.out, 1, 0.0, 0.0
slaylaxo.out, 1, 0.0, 0.0
dealssuper01.out, 1, 0.0, 0.0
nobby.out, 1, 0.0, 0.0
newyorkolizer.out, 1, 0.0, 0.0
kanade_mojyo.out, 1, 0.0, 0.0
randomshandom.out, 1, 0.0, 0.0
divernewt.out, 1, 0.0, 0.0
wingsopal.out, 1, 0.0, 0.0
corgibaekhyunee.out, 1, 0.0, 0.0
Friendstagram.out, 1, 0.0, 0.0
semperfidem2004.out, 1, 0.0, 0.0
DylanFieldsP.out, 1, 0.0, 0.0
FirionHope.out, 1, 0.0, 0.0
iDont_WorkHere.out, 1, 0.0, 0.0
bizacco.out, 6, -0.00625, 0.63125
houseofbrendon.out, 1, 0.0, 0.0
EarHustle411.out, 1, 0.0, 0.0
jpluimers.out, 1, 0.0, 0.0
lovemayuyu48.out, 1, 0.0, 0.0
Great_Home_Info.out, 1, 0.0, 0.0
JordanWeinand.out, 1, 0.0, 0.0
Asifbaloch_.out, 1, 0.0, 0.0
free_4_sex.out, 1, 0.0, 0.0
xtsu8.out, 1, 0.0, 0.0
martinichaser15.out, 1, 0.0, 0.0
philkastiel.out, 1, 0.0, 0.0
3ajel_pal.out, 1, 0.0, 0.0
jaibee007.out, 1, 0.0, 0.0
gabs_arrufat.out, 1, 0.0, 0.0
hazazi2017.out, 1, 0.0, 0.0
mediat_biz.out, 2, 0.35, 0.475
jiminamina.out, 1, 0.0, 0.0
temporaryniell.out, 1, 0.0, 0.0
HenrryRivera_.out, 1, 0.0, 0.0
jhoraciogt.out, 1, 0.0, 0.0
w13071966.out, 1, 0.0, 0.0
isonozexal.out, 1, 0.0, 0.0
bujogirl.out, 1, 0.0, 0.0
rupert_rrl.out, 1, 0.0, 0.0
misthavenswan18.out, 1, 0.0, 0.0
annietfirst.out, 2, 0.0, 0.0
GadsdenJazz.out, 1, 0.0, 0.0
jodza_.out, 1, 0.0, 0.0
totymango.out, 1, 0.0, 0.0
jaunte.out, 1, 0.0, 0.0
mhajer77_2.out, 1, 0.0, 0.0
reddotjobs.out, 1, 0.0, 0.0
spidwrogers.out, 1, 0.0, 0.0
celestialcami.out, 1, 0.0, 0.0
GyaltenDolma.out, 3, 0.4, 0.8
puthology.out, 1, 0.0, 0.0
1_fs2.out, 1, 0.0, 0.0
erinlizzi.out, 3, 0.1, 0.3
marketingfeast.out, 2, -0.155555555556, 0.288888888889
putthajittttt.out, 1, 0.0, 0.0
rocknrollpizza2.out, 1, 0.0, 0.0
enzeru_no_innen.out, 1, 0.0, 0.0
seenandheard2.out, 2, 0.112121212121, 0.718181818182
4iEznT.out, 1, 0.0, 0.0
_brazykk.out, 1, 0.0, 0.0
BigBenG15.out, 1, 0.0, 0.0
cancerolizer.out, 1, 0.0, 0.0
cookingscarlet.out, 1, 0.0, 0.0
HeliNugu.out, 1, 0.0, 0.0
axstheticth.out, 1, 0.0, 0.0
nicole_kimimi.out, 1, 0.0, 0.0
HEYIMSHI.out, 1, 0.0, 0.0
xmoniixx.out, 1, 0.0, 0.0
lowdudgeon.out, 1, 0.0, 0.0
Enterprise_54.out, 1, 0.0, 0.0
Astrobi7.out, 1, 0.0, 0.0
IslandCoupons.out, 1, 0.0, 0.0
enpht_.out, 1, 0.0, 0.0
cchippyy813.out, 1, 0.0, 0.0
AntaniaShanae.out, 1, 0.0, 0.0
0XLADE.out, 1, 0.0, 0.0
BallersDesire.out, 1, 0.0, 0.0
_savsx.out, 1, 0.0, 0.0
Codemakura.out, 1, 0.0, 0.0
bungu_bot_.out, 1, 0.0, 0.0
lingers25.out, 1, 0.0, 0.0
jackieionescu.out, 1, 0.0, 0.0
nadanadu.out, 1, 0.0, 0.0
CieCynthia_xo.out, 1, 0.0, 0.0
salvatorewildz.out, 1, 0.0, 0.0
jbr_nqb.out, 1, 0.0, 0.0
ynm004.out, 1, 0.0, 0.0
Gesuvius.out, 1, 0.0, 0.0
mikashumilty.out, 1, 0.0, 0.0
thecrazycannuck.out, 1, 0.0, 0.0
Avvocata_Bella.out, 1, 0.0, 0.0
American__Made_.out, 1, 0.0, 0.0
alexgrn65.out, 1, 0.0, 0.0
cuzislay.out, 1, 0.0, 0.0
AbsentiaItalia.out, 1, 0.0, 0.0
Chimcola.out, 1, 0.0, 0.0
torialyse.out, 1, 0.0, 0.0
DoctorTotor_.out, 1, 0.0, 0.0
Hay09317403Paul.out, 2, 0.0, 0.0
DirtyEmy.out, 1, 0.0, 0.0
DinheiRonaldo.out, 1, 0.0, 0.0
rubesssx.out, 1, 0.0, 0.0
mawarkh4yalan.out, 1, 0.0, 0.0
Gift1stclass.out, 1, 0.0, 0.0
KUSFinExile.out, 1, 0.0, 0.0
dinaheity.out, 1, 0.0, 0.0
_Lucy_69.out, 1, 0.0, 0.0
sekai_suho.out, 1, 0.0, 0.0
CHlRRUTBAZES.out, 1, 0.0, 0.0
HawaiiADN.out, 1, 0.0, 0.0
pitchpivot.out, 1, 0.0, 0.0
notsbstnrd.out, 1, 0.0, 0.0
AnnValerie28.out, 1, 0.0, 0.0
johnborgeson.out, 3, 0.0333333333333, 0.1
elroomi.out, 1, 0.0, 0.0
tsubuyaki_kame.out, 1, 0.0, 0.0
BIGSWEIZY.out, 1, 0.0, 0.0
synthsamplerbot.out, 1, 0.0, 0.0
asuEnglish.out, 1, 0.0, 0.0
owo_825.out, 1, 0.0, 0.0
f_otb20.out, 1, 0.0, 0.0
caitlynn_skyee.out, 1, 0.0, 0.0
BTSendedme.out, 1, 0.0, 0.0
abhijitathavale.out, 1, 0.0, 0.0
DrSue19380.out, 6, -0.365972222222, 0.433333333333
weddingceremoni.out, 1, 0.0, 0.0
ifnt5ever.out, 1, 0.0, 0.0
fynralyl.out, 1, 0.0, 0.0
withbabybird.out, 1, 0.0, 0.0
tosizoukazu.out, 1, 0.0, 0.0
bigfeetsneaks.out, 1, 0.0, 0.0
_yannnaaaaa.out, 1, 0.0, 0.0
pattyschinzing.out, 1, 0.0, 0.0
idkbutnell.out, 1, 0.0, 0.0
jeonsominpics.out, 1, 0.0, 0.0
oldguy_jb.out, 1, 0.0, 0.0
_NoMoreExcuses.out, 1, 0.0, 0.0
AR2ROTOTO.out, 1, 0.0, 0.0
5745_aohige.out, 1, 0.0, 0.0
onlyou_ls.out, 1, 0.0, 0.0
FrancisWasHere.out, 1, 0.0, 0.0
tingtang_n.out, 1, 0.0, 0.0
cinnamonnutpml.out, 1, 0.0, 0.0
Kanliew_K.out, 1, 0.0, 0.0
oneideatoday.out, 1, 0.0, 0.0
yoonhyunnies.out, 1, 0.0, 0.0
Givebies1.out, 1, 0.0, 0.0
hosheetos.out, 1, 0.0, 0.0
FishWithSticks.out, 1, 0.0, 0.0
gelaiii88.out, 1, 0.0, 0.0
yukimuraaduri.out, 1, 0.0, 0.0
ak_raviy.out, 1, 0.0, 0.0
GerlindeRud.out, 1, 0.0, 0.0
a_mzn3.out, 2, 0.0, 0.0
pxstxr.out, 1, 0.0, 0.0
Adebolaa_O.out, 1, 0.0, 0.0
ahab99.out, 2, 0.225, 0.575
ChitownNSession.out, 1, 0.0, 0.0
ghonimah1.out, 1, 0.0, 0.0
Ieeyeoreum.out, 1, 0.0, 0.0
tmj_bc_jobs.out, 1, 0.0, 0.0
bia__tris.out, 1, 0.0, 0.0
brando4k.out, 1, 0.0, 0.0
aquintinilla.out, 1, 0.0, 0.0
DriveSlowHomie2.out, 1, 0.0, 0.0
JohnCampbell007.out, 2, 0.125, 0.216666666667
Buy_From_USA.out, 1, 0.0, 0.0
AzudurI.out, 1, 0.0, 0.0
kywumji.out, 1, 0.0, 0.0
KISSTERS.out, 1, 0.0, 0.0
_nijuanaaa.out, 1, 0.0, 0.0
Fintechgrowth.out, 1, 0.0, 0.0
EatKabob.out, 1, 0.0, 0.0
silentsamsmith.out, 1, 0.0, 0.0
sheanne1228.out, 1, 0.0, 0.0
_lo_cky_.out, 1, 0.0, 0.0
julyivette98.out, 1, 0.0, 0.0
AnneGlenn74.out, 1, 0.0, 0.0
npitch98.out, 1, 0.0, 0.0
lilsb703.out, 1, 0.0, 0.0
AriyahV.out, 1, 0.0, 0.0
noahshappiness.out, 1, 0.0, 0.0
alton_kalgae.out, 1, 0.0, 0.0
chibi_uchi.out, 1, 0.0, 0.0
lalla_sharma.out, 1, 0.0, 0.0
andreezvs.out, 1, 0.0, 0.0
skywalker201366.out, 1, 0.0, 0.0
__radwaa.out, 1, 0.0, 0.0
1318mef.out, 1, 0.0, 0.0
solarpowerspork.out, 1, 0.0, 0.0
BryanBeckford.out, 1, 0.0, 0.0
ingdamnit.out, 1, 0.0, 0.0
cruisemeet.out, 1, 0.0, 0.0
Amir_MAMR.out, 1, 0.0, 0.0
prashanthAAfan.out, 1, 0.0, 0.0
majesticjolie.out, 1, 0.0, 0.0
_YoungButReady_.out, 1, 0.0, 0.0
gillman_r.out, 1, 0.0, 0.0
BillyJoel1v.out, 1, 0.0, 0.0
siinnersprayer.out, 1, 0.0, 0.0
salonisingh222.out, 1, 0.0, 0.0
cutieqtpatootie.out, 1, 0.0, 0.0
ukVintageDeco.out, 1, 0.0, 0.0
CW9313.out, 1, 0.0, 0.0
victory1261.out, 1, 0.0, 0.0
maheshr63907938.out, 1, 0.0, 0.0
CarolGuahgbasn.out, 1, 0.0, 0.0
architects___.out, 1, 0.0, 0.0
K_N__Oo_ars.out, 1, 0.0, 0.0
i__samar.out, 1, 0.0, 0.0
oishii_Ryori.out, 1, 0.0, 0.0
radio_pantanal.out, 1, 0.0, 0.0
dbabiediamond.out, 1, 0.0, 0.0
AllnightimezZ.out, 1, 0.0, 0.0
edwinasalvador8.out, 1, 0.0, 0.0
miggety_mac.out, 1, 0.0, 0.0
CSchevoli.out, 1, 0.0, 0.0
reilomcicen1972.out, 1, 0.0, 0.0
ryanfromohio.out, 1, 0.0, 0.0
2laaageez.out, 1, 0.0, 0.0
jax_crab.out, 1, 0.0, 0.0
nefaxious.out, 1, 0.0, 0.0
jazzorion.out, 1, 0.0, 0.0
punditfap.out, 1, 0.0, 0.0
taj_sagay.out, 1, 0.0, 0.0
sunnywinehousse.out, 2, 0.0, 0.0625
succlock.out, 1, 0.0, 0.0
jennr473.out, 1, 0.0, 0.0
_ItsCheese.out, 1, 0.0, 0.0
nao_mootun.out, 1, 0.0, 0.0
CambinoII.out, 1, 0.0, 0.0
sambiohazard.out, 1, 0.0, 0.0
GiovanniTruvi.out, 1, 0.0, 0.0
DICE__game.out, 1, 0.0, 0.0
Aya__Tyulu.out, 1, 0.0, 0.0
sherronn_.out, 1, 0.0, 0.0
ccolonx3.out, 1, 0.0, 0.0
selena_sourcefr.out, 1, 0.0, 0.0
pikesley.out, 1, 0.0, 0.0
juussss.out, 1, 0.0, 0.0
fashionideaz.out, 1, 0.0, 0.0
DrShobha.out, 1, 0.0, 0.0
raecb.out, 1, 0.0, 0.0
DwbirdDee.out, 2, 0.375, 0.2
motun__rayo.out, 1, 0.0, 0.0
gene_chrastil.out, 1, 0.0, 0.0
BreaKing_0News.out, 1, 0.0, 0.0
F2000S.out, 1, 0.0, 0.0
aaaaanko.out, 1, 0.0, 0.0
EClassHosting.out, 1, 0.0, 0.0
kim_sejiokn.out, 1, 0.0, 0.0
sakurichii.out, 1, 0.0, 0.0
starboyurie.out, 1, 0.0, 0.0
jeezy_empire.out, 1, 0.0, 0.0
_SimplyQueen_.out, 1, 0.0, 0.0
BrandyLuvli.out, 1, 0.0, 0.0
woahjass_.out, 1, 0.0, 0.0
salaman1975.out, 1, 0.0, 0.0
allgringo.out, 2, 0.333333333333, 0.5
abo7anfy57.out, 1, 0.0, 0.0
yomi_mabayoje.out, 1, 0.0, 0.0
ifntwhbp_.out, 1, 0.0, 0.0
DumadagAn.out, 1, 0.0, 0.0
alvarezarlene_.out, 1, 0.0, 0.0
AudryT.out, 1, 0.0, 0.0
yungpeeta.out, 1, 0.0, 0.0
headlinesNP.out, 1, 0.0, 0.0
KI7NGS.out, 1, 0.0, 0.0
ssainted.out, 1, 0.0, 0.0
marisa_965.out, 1, 0.0, 0.0
kriscrittah.out, 1, 0.0, 0.0
jj358070.out, 1, 0.0, 0.0
defnotolivia.out, 1, 0.0, 0.0
ztd96_dena.out, 1, 0.0, 0.0
yoyo_sam.out, 1, 0.0, 0.0
HireAnAdmin.out, 1, 0.0, 0.0
gatherdom.out, 1, 0.0, 0.0
6bq9music.out, 1, 0.0, 0.0
boscolouisa.out, 4, 0.0214285714286, 0.195238095238
forevermakeup12.out, 1, 0.0, 0.0
llwixdzll.out, 1, 0.0, 0.0
_michelleflower.out, 1, 0.0, 0.0
kled.out, 1, 0.0, 0.0
chargerupgaming.out, 1, 0.0, 0.0
aom_abd_alaziz.out, 1, 0.0, 0.0
yyoearth19.out, 1, 0.0, 0.0
texas_news_12.out, 1, 0.0, 0.0
comeandjoinus45.out, 2, 0.0, 0.0
Charge_.out, 1, 0.0, 0.0
_CorieW.out, 1, 0.0, 0.0
a22a74_20.out, 1, 0.0, 0.0
AFashionableMan.out, 1, 0.0, 0.0
jeonidiot.out, 1, 0.0, 0.0
bigbootayhoes.out, 1, 0.0, 0.0
nopedolans.out, 1, 0.0, 0.0
FabFork.out, 1, 0.0, 0.0
jkookiex.out, 1, 0.0, 0.0
mhellopez19.out, 1, 0.0, 0.0
himynameisdeh.out, 1, 0.0, 0.0
abo_azozy.out, 1, 0.0, 0.0
KNV1sK6UAwFuPtj.out, 1, 0.0, 0.0
minmi_M_minmi.out, 1, 0.0, 0.0
JTPaar.out, 1, 0.0, 0.0
aslam_khan_pk.out, 1, 0.0, 0.0
Bewith_MOMO.out, 1, 0.0, 0.0
wyetthasspoken_.out, 1, 0.0, 0.0
kyjemypuhyba.out, 1, 0.0, 0.0
CathChenavas.out, 1, 0.0, 0.0
redbuIIet.out, 1, 0.0, 0.0
cnom98.out, 1, 0.0, 0.0
ceridwenDESIGNS.out, 1, 0.0, 0.0
k3nnr.out, 2, 0.6, 0.9
modsiwaisa.out, 1, 0.0, 0.0
hibakhan78.out, 1, 0.0, 0.0
tummie_mokae.out, 1, 0.0, 0.0
alisvcxo.out, 1, 0.0, 0.0
diegopbl.out, 1, 0.0, 0.0
martin_rooniy.out, 1, 0.0, 0.0
__Zanele.out, 1, 0.0, 0.0
AUDRON15.out, 1, 0.0, 0.0
purehavuk.out, 1, 0.0, 0.0
dixonowl05.out, 1, 0.0, 0.0
_FreddieLo.out, 1, 0.0, 0.0
cahier_m.out, 1, 0.0, 0.0
Every3Minutes.out, 1, 0.0, 0.0
justinwilsxn.out, 1, 0.0, 0.0
DaiiYoongi.out, 1, 0.0, 0.0
DEEPishSports.out, 1, 0.0, 0.0
Disney_Blogs.out, 1, 0.0, 0.0
ph_moha.out, 1, 0.0, 0.0
sexycutletbowl.out, 1, 0.0, 0.0
hunterlurie.out, 1, 0.0, 0.0
psychologycult.out, 1, 0.0, 0.0
trnchngtimelord.out, 1, 0.0, 0.0
CupcakeTutorial.out, 1, 0.0, 0.0
arabic_bible1.out, 1, 0.0, 0.0
thvnderfck.out, 1, 0.0, 0.0
EyrAJPszQaubPna.out, 1, 0.0, 0.0
schnellmann_org.out, 1, 0.0, 0.0
anunturibiz.out, 1, 0.0, 0.0
luisaa_asf.out, 1, 0.0, 0.0
CabArtVintage.out, 1, 0.0, 0.0
bakalice.out, 1, 0.0, 0.0
zoey92605988.out, 1, 0.0, 0.0
miku2d.out, 1, 0.0, 0.0
icze4lion.out, 1, 0.0, 0.0
sincere_larry.out, 1, 0.0, 0.0
semanticist.out, 1, 0.0, 0.0
Chickzama.out, 1, 0.0, 0.0
Feel_Three.out, 1, 0.0, 0.0
syrrepsf.out, 1, 0.0, 0.0
calcio_q8.out, 1, 0.0, 0.0
myungsooL_xo.out, 1, 0.0, 0.0
steffmuniz.out, 1, 0.0, 0.0
thanksic.out, 1, 0.0, 0.0
q8_dutch.out, 1, 0.0, 0.0
Ai90698231.out, 1, 0.0, 0.0
lexpatterson_.out, 1, 0.0, 0.0
JinxedLilith.out, 1, 0.0, 0.0
Inspir8n.out, 1, 0.0, 0.0
ampwncfc.out, 1, 0.0, 0.0
elngar_maha.out, 1, 0.0, 0.0
BR_Nation.out, 1, 0.0, 0.0
ErinKlebaurCMA.out, 1, 0.0, 0.0
cloverpointvic.out, 1, 0.0, 0.0
localhoodmom.out, 1, 0.0, 0.0
90s_fiend.out, 1, 0.0, 0.0
3mory45.out, 1, 0.0, 0.0
Hello__Alter.out, 1, 0.0, 0.0
GuyAshton1.out, 1, 0.0, 0.0
turki3xx.out, 1, 0.0, 0.0
CrazyCrnBllBrd.out, 1, 0.0, 0.0
Annette00159182.out, 1, 0.0, 0.0
itsmejoyce2314.out, 1, 0.0, 0.0
rubiela33.out, 1, 0.0, 0.0
CelebStarletXXX.out, 1, 0.0, 0.0
_catmand00d.out, 1, 0.0, 0.0
_alj__.out, 1, 0.0, 0.0
bts_yuri_tete.out, 1, 0.0, 0.0
jnvpx.out, 1, 0.0, 0.0
BarryKathyJ.out, 2, 0.25, 0.75
na08x.out, 1, 0.0, 0.0
HBergHattie.out, 2, 0.0, 0.0
ExiqitaM.out, 1, 0.0, 0.0
nischa1993.out, 1, 0.0, 0.0
scomiche_snaps.out, 1, 0.0, 0.0
Indo_nesia3.out, 1, 0.0, 0.0
CindyHo71462391.out, 1, 0.0, 0.0
rickptrll_7.out, 1, 0.0, 0.0
amrabdallasale7.out, 1, 0.0, 0.0
geahsxo.out, 1, 0.0, 0.0
officaIsnsd.out, 1, 0.0, 0.0
findsharerestos.out, 1, 0.0, 0.0
quicksellcar.out, 1, 0.0, 0.0
izzatulizhab.out, 1, 0.0, 0.0
taestheticly.out, 1, 0.0, 0.0
FenatykyG.out, 1, 0.0, 0.0
zixmpriority.out, 1, 0.0, 0.0
grey_zoe.out, 2, -0.5, 1.0
nancy73gg.out, 10, -0.0305555555556, 0.805555555556
mm_ho15.out, 1, 0.0, 0.0
ariessensen.out, 1, 0.0, 0.0
JayBanks22.out, 1, 0.0, 0.0
ChiefCeige.out, 1, 0.0, 0.0
___junnnn.out, 1, 0.0, 0.0
maxemc.out, 1, 0.0, 0.0
Jhnayy.out, 1, 0.0, 0.0
Dee_DimpleZ.out, 1, 0.0, 0.0
HaLauYaMa.out, 1, 0.0, 0.0
FinalCallFilm.out, 1, 0.0, 0.0
swvnsxn.out, 2, 0.0, 0.1
waveanitta.out, 1, 0.0, 0.0
lupe_2m.out, 1, 0.0, 0.0
bootaefly.out, 1, 0.0, 0.0
cgm807.out, 3, -0.2, 0.4875
5STARVAs.out, 1, 0.0, 0.0
jurinamatsui038.out, 1, 0.0, 0.0
rappahannockmag.out, 3, -0.0333333333333, 0.566666666667
Biancaaaag_.out, 1, 0.0, 0.0
rowoonmonx.out, 1, 0.0, 0.0
yunglord101.out, 1, 0.0, 0.0
BTSHITRM.out, 1, 0.0, 0.0
ninicsfr.out, 1, 0.0, 0.0
Feeyanaa.out, 1, 0.0, 0.0
DjsPrincess2935.out, 1, 0.0, 0.0
msrianja.out, 1, 0.0, 0.0
AnawilaA.out, 1, 0.0, 0.0
adjewodah.out, 1, 0.0, 0.0
_envydee.out, 1, 0.0, 0.0
villloli.out, 1, 0.0, 0.0
JadaMarne.out, 5, 0.233333333333, 0.633333333333
JINkiWoo93.out, 1, 0.0, 0.0
comefindmee.out, 1, 0.0, 0.0
Irene_hoying.out, 1, 0.0, 0.0
pazarindo.out, 1, 0.0, 0.0
FinanzLinksWELT.out, 1, 0.0, 0.0
leilatte.out, 1, 0.0, 0.0
jmiguelsanto.out, 1, 0.0, 0.0
K_Mihoto.out, 1, 0.0, 0.0
minsquishies.out, 1, 0.0, 0.0
1017mikev.out, 1, 0.0, 0.0
DeeNigerian_.out, 1, 0.0, 0.0
ABC7News.out, 1, 0.0, 0.0
milliminlee.out, 1, 0.0, 0.0
8_samara.out, 1, 0.0, 0.0
GlucoseCupcake.out, 1, 0.0, 0.0
halolaurmani.out, 1, 0.0, 0.0
grace_ballas.out, 1, 0.0, 0.0
ppwrp.out, 1, 0.0, 0.0
kadour83.out, 1, 0.0, 0.0
butterflyhes94.out, 1, 0.0, 0.0
IWRGaming.out, 1, 0.0, 0.0
mjbtimes.out, 1, 0.0, 0.0
DC4Hope.out, 1, 0.0, 0.0
__HALKA_AMM.out, 1, 0.0, 0.0
Dominique_Tho.out, 1, 0.0, 0.0
overlandbound.out, 1, 0.0, 0.0
CindyDPishere.out, 4, 0.366666666667, 0.675
bobpoekert.out, 2, -0.138888888889, 0.35
sarayanewstweet.out, 1, 0.0, 0.0
matpatftsteph.out, 1, 0.0, 0.0
kih_yun.out, 1, 0.0, 0.0
Babgonewild.out, 1, 0.0, 0.0
bts_an_jk.out, 1, 0.0, 0.0
iwantfuc_.out, 1, 0.0, 0.0
pornsitespot.out, 1, 0.0, 0.0
kilpatrickeolue.out, 1, 0.0, 0.0
jho_grande.out, 1, 0.0, 0.0
ubipages.out, 3, 0.0, 0.0
A0557618167.out, 1, 0.0, 0.0
AmOdunayo.out, 1, 0.0, 0.0
adroitdolans.out, 1, 0.0, 0.0
laneyyychildish.out, 1, 0.0, 0.0
malak305m.out, 1, 0.0, 0.0
beat2music.out, 1, 0.0, 0.0
twdk_music.out, 1, 0.0, 0.0
FatimaaaaaaaaaB.out, 1, 0.0, 0.0
babbit_janeway.out, 1, 0.0, 0.0
iRep_9ja.out, 1, 0.0, 0.0
hoboinab0x.out, 1, 0.0, 0.0
ARIANAGRANDE_1Q.out, 1, 0.0, 0.0
techcoachinguk.out, 1, 0.0, 0.0
thecybermenace.out, 3, -0.166666666667, 0.833333333333
abufazza2.out, 1, 0.0, 0.0
mrkwonjuring.out, 1, 0.0, 0.0
merabharat2011.out, 1, 0.0, 0.0
talkvn.out, 1, 0.0, 0.0
ryanbreheny4.out, 1, 0.0, 0.0
ArkhamAlien.out, 1, 0.0, 0.0
Fashion_twists.out, 1, 0.0, 0.0
kimberlyxo_44.out, 1, 0.0, 0.0
Hermetec.out, 1, 0.0, 0.0
taesbberry.out, 1, 0.0, 0.0
mna2483.out, 1, 0.0, 0.0
Gaijin_Gal.out, 1, 0.0, 0.0
lea_zquad_zjm.out, 1, 0.0, 0.0
brightasastar_.out, 1, 0.0, 0.0
parallax1978.out, 1, 0.0, 0.0
kvnpkrwrd.out, 1, 0.0, 0.0
stunnatiff.out, 1, 0.0, 0.0
jeremyart.out, 1, 0.0, 0.0
fsundayluke.out, 1, 0.0, 0.0
AsnowflakeA.out, 1, 0.0, 0.0
chiisairoru.out, 1, 0.0, 0.0
sadboychaz.out, 1, 0.0, 0.0
vicentimonsera1.out, 1, 0.0, 0.0
malecshumdario.out, 1, 0.0, 0.0
GeorgiMoranC.out, 1, 0.0, 0.0
padpaddpaddy.out, 1, 0.0, 0.0
gogimme.out, 1, 0.0, 0.0
bethanne_132.out, 1, 0.0, 0.0
imfitx.out, 1, 0.0, 0.0
rebelgabe.out, 1, 0.0, 0.0
cferrer777.out, 2, 0.136363636364, 0.454545454545
iBuckets32.out, 1, 0.0, 0.0
rettouseigazo.out, 1, 0.0, 0.0
agronskyswift.out, 1, 0.0, 0.0
watabii_er34.out, 1, 0.0, 0.0
debbi_cakes.out, 1, 0.0, 0.0
calgarynews.out, 1, 0.0, 0.0
Indiawaking.out, 1, 0.0, 0.0
DOLLAA___.out, 1, 0.0, 0.0
maferchalo.out, 1, 0.0, 0.0
tmj_dfw_it.out, 1, 0.0, 0.0
marymjoneil.out, 2, 0.0, 0.0
prahlad_insan.out, 1, 0.0, 0.0
thebeautytips__.out, 1, 0.0, 0.0
gaby17411.out, 1, 0.0, 0.0
uneasyluizy.out, 1, 0.0, 0.0
daejahhh.out, 1, 0.0, 0.0
bigbrothersim.out, 1, 0.0, 0.0
delanemassey.out, 2, 0.5, 0.5
apreiskagilang.out, 1, 0.0, 0.0
jlawlarson.out, 1, 0.0, 0.0
delightfulkiwi.out, 1, 0.0, 0.0
Jame_dawg.out, 1, 0.0, 0.0
Capt_America007.out, 4, -0.1125, 0.0
omertakayyy.out, 1, 0.0, 0.0
tmj_ptr_jobs.out, 1, 0.0, 0.0
iijohnpaul.out, 1, 0.0, 0.0
shymeher_.out, 1, 0.0, 0.0
sha1mma.out, 1, 0.0, 0.0
Destiny041772.out, 1, 0.0, 0.0
sa3dooooof.out, 1, 0.0, 0.0
freemyheart31.out, 2, -0.15625, 0.125
anisazizan4shrt.out, 1, 0.0, 0.0
svtsdino.out, 1, 0.0, 0.0
boutique_lane.out, 1, 0.0, 0.0
ANGEIHUB.out, 1, 0.0, 0.0
DarthCvrdo.out, 1, 0.0, 0.0
calabrioca.out, 1, 0.0, 0.0
DEULLERR.out, 1, 0.0, 0.0
frigbiscuits.out, 1, 0.0, 0.0
__kameron__3.out, 1, 0.0, 0.0
juliamitchelI.out, 1, 0.0, 0.0
mouvoice.out, 1, 0.0, 0.0
Flyin2Freedom.out, 1, 0.0, 0.0
ashtinleighhh.out, 1, 0.0, 0.0
Abdelr7man_Mgdy.out, 1, 0.0, 0.0
merrymyoui.out, 1, 0.0, 0.0
Angelicanang.out, 1, 0.0, 0.0
mohamAlateyah.out, 1, 0.0, 0.0
sehunsum.out, 1, 0.0, 0.0
dozzer20.out, 1, 0.0, 0.0
AR3661.out, 1, 0.0, 0.0
jmill26_.out, 1, 0.0, 0.0
svdkenie.out, 1, 0.0, 0.0
ebonychulo.out, 1, 0.0, 0.0
CNNEE.out, 1, 0.0, 0.0
iPhillySports.out, 1, 0.0, 0.0
aaliyahs_xo.out, 1, 0.0, 0.0
woolygeorge.out, 1, 0.0, 0.0
nola24073693.out, 1, 0.0, 0.0
celalfatmakrtp.out, 1, 0.0, 0.0
genkimama_.out, 1, 0.0, 0.0
imgonebruh.out, 1, 0.0, 0.0
DOP3Sweet.out, 1, 0.0, 0.0
ElyzaHot.out, 1, 0.0, 0.0
xayysha.out, 1, 0.0, 0.0
megadiscounthse.out, 1, 0.0, 0.0
kookiedokitoki.out, 1, 0.0, 0.0
ak4everak.out, 1, 0.0, 0.0
ApyquvumeJ.out, 1, 0.0, 0.0
AnniMuswan.out, 1, 0.0, 0.0
rizzohannah10.out, 1, 0.0, 0.0
baekhyunstrash.out, 1, 0.0, 0.0
DrATEFAHMED.out, 1, 0.0, 0.0
gr_sai.out, 1, 0.0, 0.0
smilesilv.out, 1, 0.0, 0.0
kpopgugs.out, 1, 0.0, 0.0
wndyyx.out, 1, 0.0, 0.0
soulgaytes.out, 1, 0.0, 0.0
7harip.out, 1, 0.0, 0.0
CheriMerci.out, 1, 0.0, 0.0
africa_sport.out, 1, 0.0, 0.0
Jongdaelicious_.out, 1, 0.0, 0.0
FntsticRcipes.out, 1, 0.0, 0.0
smithcoreyd.out, 1, 0.0, 0.0
kadenzook45.out, 1, 0.0, 0.0
seckzi_10.out, 1, 0.0, 0.0
curtfromthe8.out, 1, 0.0, 0.0
khalil_martinez.out, 1, 0.0, 0.0
FarahhLisa.out, 1, 0.0, 0.0
alejasolano.out, 1, 0.0, 0.0
kristilyn.out, 1, 0.0, 0.0
EkbMary.out, 1, 0.0, 0.0
kp_smalls.out, 1, 0.0, 0.0
1_TMF_.out, 1, 0.0, 0.0
BTSJK_97both.out, 1, 0.0, 0.0
prjaampsjqvtvr1.out, 1, 0.0, 0.0
irrepIcabIe.out, 1, 0.0, 0.0
GGOwners.out, 1, 0.0, 0.0
Jota_AAA.out, 1, 0.0, 0.0
_siiyamthanda.out, 1, 0.0, 0.0
taitapanda.out, 1, 0.0, 0.0
_leapccn.out, 1, 0.0, 0.0
EXOLSpain.out, 1, 0.0, 0.0
cho_mind.out, 1, 0.0, 0.0
ArrestJK.out, 1, 0.0, 0.0
wwibbxohlei.out, 1, 0.0, 0.0
DarrylCurtis_33.out, 1, 0.0, 0.0
shpbqxie_.out, 1, 0.0, 0.0
moffu_desperado.out, 1, 0.0, 0.0
momota_nakakici.out, 1, 0.0, 0.0
hashDoha.out, 1, 0.0, 0.0
I_Go_Deep_In_U.out, 1, 0.0, 0.0
newyorkcityinfo.out, 1, 0.0, 0.0
DesignUrDream.out, 1, 0.0, 0.0
Janahh8.out, 1, 0.0, 0.0
takatosi1973071.out, 1, 0.0, 0.0
videosbro.out, 1, 0.0, 0.0
FinancialCrime1.out, 1, 0.0, 0.0
DirtBagGaming.out, 1, 0.0, 0.0
FujoYoshi.out, 1, 0.0, 0.0
ilovedlwnsghek.out, 1, 0.0, 0.0
JTKNotify.out, 1, 0.0, 0.0
smartmaryam908.out, 1, 0.0, 0.0
memeyard.out, 1, 0.0, 0.0
hausencarey.out, 1, 0.0, 0.0
mauricefontai19.out, 2, 0.0, 0.0
rockytae.out, 1, 0.0, 0.0
a_co0116.out, 1, 0.0, 0.0
ImLeaAguason.out, 1, 0.0, 0.0
doubyadee.out, 1, 0.0, 0.0
eurostart32.out, 1, 0.0, 0.0
hasan_roc_.out, 1, 0.0, 0.0
nepal123.out, 1, 0.0, 0.0
twgforceone.out, 1, 0.0, 0.0
mohanadi78.out, 1, 0.0, 0.0
kuu19660622.out, 1, 0.0, 0.0
GameChange101.out, 1, 0.0, 0.0
tara_views.out, 1, 0.0, 0.0
fl0wergun.out, 1, 0.0, 0.0
alexand94767631.out, 2, 0.0, 1.0
BIGBARNRADIO.out, 1, 0.0, 0.0
Entitled_.out, 1, 0.0, 0.0
ButtBoob.out, 1, 0.0, 0.0
bo_tara_tarara.out, 1, 0.0, 0.0
30Rishu.out, 1, 0.0, 0.0
fleeknsleek247.out, 1, 0.0, 0.0
exodearest.out, 1, 0.0, 0.0
FUEGOFLORES.out, 1, 0.0, 0.0
Jsullhart.out, 1, 0.0, 0.0
tommyyNE.out, 1, 0.0, 0.0
natuhrally.out, 1, 0.0, 0.0
maxthedoll_.out, 1, 0.0, 0.0
frankl0tion.out, 1, 0.0, 0.0
2GunRock.out, 1, 0.0, 0.0
wxatgp500.out, 1, 0.0, 0.0
twopcharts_it.out, 1, 0.0, 0.0
lowtech_42.out, 1, 0.0, 0.0
ooyuzbusiness.out, 1, 0.0, 0.0
guiltypartiess.out, 1, 0.0, 0.0
itis_tobi.out, 1, 0.0, 0.0
vojobs.out, 1, 0.0, 0.0
maria_juliadrew.out, 1, 0.0, 0.0
BULGEBULL.out, 1, 0.0, 0.0
stewgotsnacks.out, 1, 0.0, 0.0
jennieaIl.out, 1, 0.0, 0.0
keeysgarcia.out, 1, 0.0, 0.0
AnalTeenagers.out, 1, 0.0, 0.0
whats_live.out, 1, 0.0, 0.0
rudewaifu.out, 1, 0.0, 0.0
cyberkpopunk.out, 1, 0.0, 0.0
IE_Lauren.out, 1, 0.0, 0.0
f__miyuoooooo.out, 1, 0.0, 0.0
bbyunfirsty.out, 1, 0.0, 0.0
peachyjimiin.out, 1, 0.0, 0.0
AlexPowerUp.out, 1, 0.0, 0.0
ksdholler.out, 1, 0.0, 0.0
itzjanair.out, 1, 0.0, 0.0
ByStudor.out, 1, 0.0, 0.0
hvcfancIub.out, 1, 0.0, 0.0
FlatAnimeTiddie.out, 1, 0.0, 0.0
eutruthscot.out, 2, 0.0, 0.375
chimeongs.out, 1, 0.0, 0.0
drskharlamov.out, 1, 0.0, 0.0
dontbetrue.out, 1, 0.0, 0.0
Diagznr.out, 1, 0.0, 0.0
JovanMailk2.out, 1, 0.0, 0.0
mikelallen6.out, 1, 0.0, 0.0
charafe100.out, 1, 0.0, 0.0
ikari_no_p_chan.out, 1, 0.0, 0.0
lulu_luskiano.out, 1, 0.0, 0.0
websmartboomer.out, 1, 0.0, 0.0
bellablue1060.out, 2, -0.1, 0.183333333333
osby_jasmine.out, 1, 0.0, 0.0
Carter15__.out, 1, 0.0, 0.0
ailinxlopez.out, 1, 0.0, 0.0
nora_pops.out, 1, 0.0, 0.0
_yonniieeee.out, 1, 0.0, 0.0
paravertudo.out, 1, 0.0, 0.0
myeonlotto.out, 1, 0.0, 0.0
lull_Neenee.out, 1, 0.0, 0.0
sinith99.out, 1, 0.0, 0.0
HorseRaceInfo.out, 1, 0.0, 0.0
bbcworldfeed.out, 1, 0.0, 0.0
livetips4u.out, 1, 0.0, 0.0
Alica73.out, 1, 0.0, 0.0
reliable_galina.out, 1, 0.0, 0.0
mgk_aim.out, 1, 0.0, 0.0
Customizedjay.out, 1, 0.0, 0.0
cris081679.out, 1, 0.0, 0.0
petrasa4.out, 4, -0.275, 0.866666666667
DevilofKent39.out, 1, 0.0, 0.0
fade845.out, 1, 0.0, 0.0
watchtalks.out, 1, 0.0, 0.0
techinnovation8.out, 1, 0.0, 0.0
JaDineMovie.out, 1, 0.0, 0.0
ANTIeraisiconic.out, 1, 0.0, 0.0
interactorsuk.out, 1, 0.0, 0.0
BIGMONEYMETTA.out, 1, 0.0, 0.0
facunda08.out, 1, 0.0, 0.0
macsanto777.out, 1, 0.0, 0.0
A_qaderALmotawa.out, 1, 0.0, 0.0
ConsMontana.out, 1, 0.0, 0.0
expertloveguru.out, 1, 0.0, 0.0
Boug_Dinero.out, 1, 0.0, 0.0
BMUST123.out, 1, 0.0, 0.0
AmusedAnn.out, 1, 0.0, 0.0
princessdumebi.out, 1, 0.0, 0.0
zxgcggg1.out, 1, 0.0, 0.0
andrebuklaw.out, 2, 0.5, 1.0
channel__3.out, 1, 0.0, 0.0
FatherSiisi.out, 1, 0.0, 0.0
vibeswithsami.out, 1, 0.0, 0.0
emotionalena.out, 1, 0.0, 0.0
C_Bratter.out, 1, 0.0, 0.0
planetzs.out, 1, 0.0, 0.0
brisbanejournal.out, 1, 0.0, 0.0
slyphon.out, 1, 0.0, 0.0
fmab213.out, 1, 0.0, 0.0
FalehTK.out, 1, 0.0, 0.0
reddirtrootstx.out, 1, 0.0, 0.0
GlobalProTrader.out, 1, 0.0, 0.0
petergorla.out, 1, 0.0, 0.0
khalidrafiq139.out, 1, 0.0, 0.0
brycelacy.out, 1, 0.0, 0.0
DollaRoyale.out, 1, 0.0, 0.0
DRIFT_HER.out, 1, 0.0, 0.0
GorgeoussLe.out, 1, 0.0, 0.0
J_Rich96.out, 1, 0.0, 0.0
wlfpack81.out, 1, 0.0, 0.0
umohamed2016.out, 1, 0.0, 0.0
kaladmohamad.out, 1, 0.0, 0.0
out4space.out, 1, 0.0, 0.0
CPusjegey.out, 1, 0.0, 0.0
arzillion.out, 3, 6.93889390391e-18, 0.25
om_naif80.out, 1, 0.0, 0.0
fiverrworks.out, 1, 0.0, 0.0
agntdanvers.out, 1, 0.0, 0.0
news_sokuhou_12.out, 1, 0.0, 0.0
meanpopper.out, 1, 0.0, 0.0
theyhatesierra_.out, 1, 0.0, 0.0
xo_valerie_xo.out, 1, 0.0, 0.0
manaka98770278.out, 1, 0.0, 0.0
giveawayzotuu.out, 1, 0.0, 0.0
Fulla73M.out, 1, 0.0, 0.0
4bassman2.out, 1, 0.0, 0.0
BringRiverHome9.out, 1, 0.0, 0.0
dnebais.out, 1, 0.0, 0.0
Arredo_italy.out, 1, 0.0, 0.0
Bieberstxttoos.out, 1, 0.0, 0.0
yomnaemad11.out, 1, 0.0, 0.0
_gwopgoddess.out, 1, 0.0, 0.0
cruddykaay.out, 1, 0.0, 0.0
bilmee.out, 1, 0.0, 0.0
BostonGardenia.out, 1, 0.0, 0.0
EazyBlog1.out, 1, 0.0, 0.0
DigitalSpirite.out, 1, 0.0, 0.0
yuridiaa__.out, 1, 0.0, 0.0
creoleboyy.out, 1, 0.0, 0.0
galarzasi.out, 1, 0.0, 0.0
_JP28.out, 1, 0.0, 0.0
Blooming_India.out, 1, 0.0, 0.0
cardcaptortae.out, 1, 0.0, 0.0
urbinaaaa_.out, 1, 0.0, 0.0
BeingSalmanKh_.out, 1, 0.0, 0.0
369doughnut.out, 1, 0.0, 0.0
BantySrkian.out, 1, 0.0, 0.0
Alex_Webcams.out, 1, 0.0, 0.0
AlexAlt97667905.out, 1, 0.0, 0.0
Aaa_wse.out, 1, 0.0, 0.0
ttaurussign.out, 1, 0.0, 0.0
piercingross.out, 1, 0.0, 0.0
brian_carnell.out, 1, 0.0, 0.0
watashiwaleia.out, 1, 0.0, 0.0
Cape_Cal.out, 1, 0.0, 0.0
brinceofiraq.out, 1, 0.0, 0.0
latestcanada.out, 1, 0.0, 0.0
AlchemistGira.out, 1, 0.0, 0.0
CaleCOTC.out, 1, 0.0, 0.0
simplefucks.out, 1, 0.0, 0.0
tbhlovelyz.out, 1, 0.0, 0.0
iam_toebay.out, 1, 0.0, 0.0
greyhoundchan.out, 1, 0.0, 0.0
heaIouy.out, 1, 0.0, 0.0
HowieRosenberg.out, 1, 0.0, 0.0
minamahgoub.out, 1, 0.0, 0.0
cher_toi.out, 1, 0.0, 0.0
shinsukestyles.out, 1, 0.0, 0.0
HereGoJayAgain.out, 1, 0.0, 0.0
ALL_HAIL_BIAFRA.out, 1, 0.0, 0.0
ArpieGomez.out, 1, 0.0, 0.0
HiJayConey.out, 1, 0.0, 0.0
modsya.out, 1, 0.0, 0.0
mono46627835.out, 1, 0.0, 0.0
HotXXXStory.out, 1, 0.0, 0.0
_MuscleMuseum_.out, 1, 0.0, 0.0
freshsalis.out, 1, 0.0, 0.0
sidneylee1120.out, 1, 0.0, 0.0
freshpremez.out, 1, 0.0, 0.0
kaine_uzama.out, 1, 0.0, 0.0
iscarosaac.out, 1, 0.0, 0.0
HighFiv49807762.out, 2, 0.0, 0.0
Anish4Love.out, 1, 0.0, 0.0
Afternoon_Voice.out, 1, 0.0, 0.0
JuiceShrug.out, 1, 0.0, 0.0
guidofaux.out, 1, 0.0, 0.0
aliyahjayyyy.out, 1, 0.0, 0.0
25Faahd.out, 1, 0.0, 0.0
IanSymmonds.out, 1, 0.0, 0.0
xothlifex.out, 1, 0.0, 0.0
lhbqnlrjxlg1.out, 1, 0.0, 0.0
msnph.out, 1, 0.0, 0.0
JBJAndy.out, 1, 0.0, 0.0
drake_blakk.out, 1, 0.0, 0.0
Big_Boss_Flurb.out, 1, 0.0, 0.0
jade_fleeman.out, 1, 0.0, 0.0
CagedBirdGenius.out, 1, 0.0, 0.0
motherheck.out, 1, 0.0, 0.0
GirlThatsNelle.out, 1, 0.0, 0.0
hajimetxt.out, 1, 0.0, 0.0
alalwe1.out, 1, 0.0, 0.0
Jaraffe_.out, 1, 0.0, 0.0
A3moraelasfar.out, 1, 0.0, 0.0
IanRSmith.out, 1, 0.0, 0.0
yourstruly9912.out, 2, 0.0, 0.0
daesungfishh.out, 1, 0.0, 0.0
ghostcatbce.out, 1, 0.0, 0.0
almasarSports.out, 1, 0.0, 0.0
AdvoCindy.out, 1, 0.0, 0.0
kyuubethe3rd.out, 1, 0.0, 0.0
asimamdv.out, 1, 0.0, 0.0
rosiecheekj.out, 1, 0.0, 0.0
Airekarii.out, 1, 0.0, 0.0
jimmysmith954.out, 1, 0.0, 0.0
aaaimat.out, 1, 0.0, 0.0
CornOppa.out, 1, 0.0, 0.0
rinf_community.out, 2, 0.0, 1.0
__shelbzz__.out, 1, 0.0, 0.0
angelaloveth1.out, 1, 0.0, 0.0
_Punky_Pie.out, 1, 0.0, 0.0
daraakaren.out, 1, 0.0, 0.0
heartagustd.out, 1, 0.0, 0.0
misskimrub.out, 1, 0.0, 0.0
Cyber_attention.out, 1, 0.0, 0.0
elverdadero78.out, 1, 0.0, 0.0
josephinebattle.out, 1, 0.0, 0.0
androworldnews.out, 1, 0.0, 0.0
jobfindlybos.out, 1, 0.0, 0.0
stevenburns131.out, 1, 0.0, 0.0
classygal21.out, 8, -0.185416666667, 0.55
an_aneieun.out, 1, 0.0, 0.0
montpelierjourn.out, 1, 0.0, 0.0
haegankent.out, 1, 0.0, 0.0
uremaaguilar.out, 1, 0.0, 0.0
peacelovetori8.out, 1, 0.0, 0.0
nour2595.out, 1, 0.0, 0.0
yayhubs32612.out, 1, 0.0, 0.0
bluelight8ph.out, 1, 0.0, 0.0
alexisgrasty.out, 1, 0.0, 0.0
okane_seiji.out, 1, 0.0, 0.0
rbr6000.out, 1, 0.0, 0.0
a_denicee.out, 1, 0.0, 0.0
59_kuri.out, 1, 0.0, 0.0
ataldetrouxeane.out, 1, 0.0, 0.0
DieBedra.out, 1, 0.0, 0.0
sippymanda.out, 1, 0.0, 0.0
JoMosely.out, 1, 0.0, 0.0
anmarashi.out, 1, 0.0, 0.0
ICEICE_W.out, 1, 0.0, 0.0
suryakantmish1.out, 1, 0.0, 0.0
DanyySilvaa25.out, 1, 0.0, 0.0
5Harmony5h.out, 1, 0.0, 0.0
marita_patos.out, 1, 0.0, 0.0
scott_stalker2.out, 2, -0.0125, 0.175
DrubblerNews.out, 1, 0.0, 0.0
AAlmahallawi.out, 1, 0.0, 0.0
BLM_CenFla.out, 2, -0.390277777778, 0.644444444444
jessikaajones.out, 1, 0.0, 0.0
stephaniemldz.out, 1, 0.0, 0.0
bad_indian_girl.out, 5, 0.333333333333, 0.333333333333
ekuru_bot.out, 1, 0.0, 0.0
rise_redemption.out, 1, 0.0, 0.0
courtyyears.out, 1, 0.0, 0.0
KINAKO_830.out, 1, 0.0, 0.0
AppsNewsNow.out, 1, 0.0, 0.0
01Starblazer.out, 1, 0.0, 0.0
danijenewien.out, 1, 0.0, 0.0
bangtandictive.out, 1, 0.0, 0.0
dropOf_water.out, 1, 0.0, 0.0
pavan_sethi.out, 1, 0.0, 0.0
kgs__12.out, 1, 0.0, 0.0
psycho4ensics1.out, 1, 0.0, 0.0
UberFacts.out, 4, 0.171428571429, 0.407142857143
e3lameh2009.out, 1, 0.0, 0.0
DevonneApril.out, 1, 0.0, 0.0
ILoveMedaka.out, 1, 0.0, 0.0
dudaakropf.out, 1, 0.0, 0.0
CocoaaaChanel_.out, 1, 0.0, 0.0
cmadmax.out, 3, 0.485227272727, 0.727272727273
officialjoedib_.out, 1, 0.0, 0.0
kipe_media.out, 1, 0.0, 0.0
jonsmlmbiz.out, 1, 0.0, 0.0
DantesNews.out, 1, 0.0, 0.0
DyoDKS.out, 1, 0.0, 0.0
AshraffJihadi.out, 1, 0.0, 0.0
shfo501.out, 1, 0.0, 0.0
twcjihoy.out, 1, 0.0, 0.0
EmbroidMeSurrey.out, 1, 0.0, 0.0
juicemanrob_.out, 1, 0.0, 0.0
